	ActionName	TaskId	TaskName	TaskCode	ModelName	BehaviourType	AnyOfTheseMode	SearchSetGroup	PropertyName	Operator	PropertyValue
	NONE	3560357	Demolition of Rental Cabins		V02_forecourt rental cabins.skp	Demolition	And	AllOfThese	General.Layer	Equals	Layer0
	NONE	16414224	DEMRC - Demolish Rental Cabins	CON.SP1.1060	V03_forecourt rental cabins.skp	Demolition	And	AllOfThese	General.Layer	Equals	Layer0
	NONE	16413100	PB - A1-1 - Piling (22no.)	CON.SP1.2105	V01_MH Ped Bridge Stick build zoning - VBS.nwd	Construction	And	AllOfThese	Element.Family	Equals	AUR_StrFdn_Pile
	NONE	16413100	PB - A1-1 - Piling (22no.)	CON.SP1.2105	V01_MH Ped Bridge Stick build zoning - VBS.nwd	Construction	And	AnyOfThese	VB_PDS.Zone	Equals	Zone A1-2
	NONE	16413100	PB - A1-1 - Piling (22no.)	CON.SP1.2105	V01_MH Ped Bridge Stick build zoning - VBS.nwd	Construction	And	AnyOfThese	VB_PDS.Zone	Equals	Zone A1-1
	NONE	16414745	PB - A1-1 - Pour Pile Cap & Ground Beams	CON.SP1.2135	V01_MH Ped Bridge Stick build zoning - VBS.nwd	Construction	And	AllOfThese	VB_PDS.Zone	Equals	Zone A1-1
	NONE	16414745	PB - A1-1 - Pour Pile Cap & Ground Beams	CON.SP1.2135	V01_MH Ped Bridge Stick build zoning - VBS.nwd	Construction	And	AnyOfThese	Element.Family	Equals	AUR_StrFdn_GroundBeam
	NONE	16414745	PB - A1-1 - Pour Pile Cap & Ground Beams	CON.SP1.2135	V01_MH Ped Bridge Stick build zoning - VBS.nwd	Construction	And	AnyOfThese	Element.Family	Equals	AUR_StrFdn_Pilecap
	NONE	16413326	PB - A1-1 - Cure Piers Prior to Installing Crosshead (10No)	CON.SP1.2155	V01_MH Ped Bridge Stick build zoning - VBS.nwd	Construction	And	AllOfThese	Element.Type	Equals	AUR_Column_Conc Round_900
	NONE	16413326	PB - A1-1 - Cure Piers Prior to Installing Crosshead (10No)	CON.SP1.2155	V01_MH Ped Bridge Stick build zoning - VBS.nwd	Construction	And	AnyOfThese	VB_PDS.Zone	Equals	Zone A1-1
	NONE	16413147	PB - A1-2 - Pour Pile Caps & Ground Beams	CON.SP1.2218	V01_MH Ped Bridge Stick build zoning - VBS.nwd	Construction	And	AllOfThese	VB_PDS.Zone	Equals	Zone A1-2
	NONE	16413147	PB - A1-2 - Pour Pile Caps & Ground Beams	CON.SP1.2218	V01_MH Ped Bridge Stick build zoning - VBS.nwd	Construction	And	AnyOfThese	Element.Family	Equals	AUR_StrFdn_GroundBeam
	NONE	16413147	PB - A1-2 - Pour Pile Caps & Ground Beams	CON.SP1.2218	V01_MH Ped Bridge Stick build zoning - VBS.nwd	Construction	And	AnyOfThese	Element.Family	Equals	AUR_StrFdn_Pilecap
	NONE	16413327	PB - A1-2 - Cure Piers Prior to Installing Crosshead (2No)	CON.SP1.2230	V01_MH Ped Bridge Stick build zoning - VBS.nwd	Construction	And	AllOfThese	VB_PDS.Zone	Equals	Zone A1-2
	NONE	16413327	PB - A1-2 - Cure Piers Prior to Installing Crosshead (2No)	CON.SP1.2230	V01_MH Ped Bridge Stick build zoning - VBS.nwd	Construction	And	AnyOfThese	Element.Type	Equals	AUR_Column_Conc Round_900
	NONE	16413107	PB - A2 - Piling (4no.)	CON.SP1.2245	V01_MH Ped Bridge Stick build zoning - VBS.nwd	Construction	And	AllOfThese	VB_PDS.Zone	Equals	Zone A2
	NONE	16413107	PB - A2 - Piling (4no.)	CON.SP1.2245	V01_MH Ped Bridge Stick build zoning - VBS.nwd	Construction	And	AnyOfThese	Element.Family	Equals	AUR_StrFdn_Pile
	NONE	16414720	PB - A2 - Pour Pile Caps & Ground Beams	CON.SP1.2263	V01_MH Ped Bridge Stick build zoning - VBS.nwd	Construction	And	AllOfThese	VB_PDS.Zone	Equals	Zone A2
	NONE	16414720	PB - A2 - Pour Pile Caps & Ground Beams	CON.SP1.2263	V01_MH Ped Bridge Stick build zoning - VBS.nwd	Construction	And	AnyOfThese	Element.Family	Equals	AUR_StrFdn_Pilecap
	NONE	16414720	PB - A2 - Pour Pile Caps & Ground Beams	CON.SP1.2263	V01_MH Ped Bridge Stick build zoning - VBS.nwd	Construction	And	AnyOfThese	Element.Family	Equals	AUR_StrFdn_GroundBeam
	NONE	16413328	PB - A2 - Cure Piers Prior to Installing Crosshead (2No)	CON.SP1.2275	V01_MH Ped Bridge Stick build zoning - VBS.nwd	Construction	And	AllOfThese	VB_PDS.Zone	Equals	Zone A2
	NONE	16413328	PB - A2 - Cure Piers Prior to Installing Crosshead (2No)	CON.SP1.2275	V01_MH Ped Bridge Stick build zoning - VBS.nwd	Construction	And	AnyOfThese	Element.Type	Equals	AUR_Column_Conc Round_900
	NONE	16413197	PB - A2 - Install Steel Crossheads (1No)	CON.SP1.2278	V01_MH Ped Bridge Stick build zoning - VBS.nwd	Construction	And	AllOfThese	VB_PDS.Zone	Equals	Zone A2
	NONE	16413197	PB - A2 - Install Steel Crossheads (1No)	CON.SP1.2278	V01_MH Ped Bridge Stick build zoning - VBS.nwd	Construction	And	AnyOfThese	VB_PDS.Item description	Equals	Cross head beam
	NONE	16413113	PB - A3 - Piling (4no.)	CON.SP1.2310	V01_MH Ped Bridge Stick build zoning - VBS.nwd	Construction	And	AllOfThese	VB_PDS.Zone	Equals	Zone A3
	NONE	16413113	PB - A3 - Piling (4no.)	CON.SP1.2310	V01_MH Ped Bridge Stick build zoning - VBS.nwd	Construction	And	AnyOfThese	Element.Family	Equals	AUR_StrFdn_Pile
	NONE	16414726	PB - A3 - Pour Pile Caps & Ground Beams	CON.SP1.2340	V01_MH Ped Bridge Stick build zoning - VBS.nwd	Construction	And	AllOfThese	VB_PDS.Zone	Equals	Zone A3
	NONE	16414726	PB - A3 - Pour Pile Caps & Ground Beams	CON.SP1.2340	V01_MH Ped Bridge Stick build zoning - VBS.nwd	Construction	And	AnyOfThese	Element.Family	Equals	AUR_StrFdn_Pilecap
	NONE	16414726	PB - A3 - Pour Pile Caps & Ground Beams	CON.SP1.2340	V01_MH Ped Bridge Stick build zoning - VBS.nwd	Construction	And	AnyOfThese	Element.Family	Equals	AUR_StrFdn_GroundBeam
	NONE	16413329	PB - A3 - Cure Piers Prior to Installing Crosshead (2No)	CON.SP1.2360	V01_MH Ped Bridge Stick build zoning - VBS.nwd	Construction	And	AllOfThese	VB_PDS.Zone	Equals	Zone A3
	NONE	16413329	PB - A3 - Cure Piers Prior to Installing Crosshead (2No)	CON.SP1.2360	V01_MH Ped Bridge Stick build zoning - VBS.nwd	Construction	And	AnyOfThese	Element.Type	Equals	AUR_Column_Conc Round_900
	NONE	16413199	PB - A3 - Install Steel Crossheads (1No)	CON.SP1.2365	V01_MH Ped Bridge Stick build zoning - VBS.nwd	Construction	And	AllOfThese	VB_PDS.Zone	Equals	Zone A3
	NONE	16413199	PB - A3 - Install Steel Crossheads (1No)	CON.SP1.2365	V01_MH Ped Bridge Stick build zoning - VBS.nwd	Construction	And	AnyOfThese	VB_PDS.Item description	Equals	Cross head beam
	NONE	16413117	PB - A4 - Piling (4no.)	CON.SP1.2415	V01_MH Ped Bridge Stick build zoning - VBS.nwd	Construction	And	AllOfThese	VB_PDS.Zone	Equals	Zone A4
	NONE	16413117	PB - A4 - Piling (4no.)	CON.SP1.2415	V01_MH Ped Bridge Stick build zoning - VBS.nwd	Construction	And	AnyOfThese	Element.Family	Equals	AUR_StrFdn_Pile
	NONE	16414732	PB - A4 - Pour Pile Caps & Ground Beams	CON.SP1.2445	V01_MH Ped Bridge Stick build zoning - VBS.nwd	Construction	And	AllOfThese	VB_PDS.Zone	Equals	Zone A4
	NONE	16414732	PB - A4 - Pour Pile Caps & Ground Beams	CON.SP1.2445	V01_MH Ped Bridge Stick build zoning - VBS.nwd	Construction	And	AnyOfThese	Element.Family	Equals	AUR_StrFdn_GroundBeam
	NONE	16414732	PB - A4 - Pour Pile Caps & Ground Beams	CON.SP1.2445	V01_MH Ped Bridge Stick build zoning - VBS.nwd	Construction	And	AnyOfThese	Element.Family	Equals	AUR_StrFdn_Pilecap
	NONE	16413330	PB - A4 - Cure Piers Prior to Installing Crosshead (2No)	CON.SP1.2465	V01_MH Ped Bridge Stick build zoning - VBS.nwd	Construction	And	AllOfThese	VB_PDS.Zone	Equals	Zone A4
	NONE	16413330	PB - A4 - Cure Piers Prior to Installing Crosshead (2No)	CON.SP1.2465	V01_MH Ped Bridge Stick build zoning - VBS.nwd	Construction	And	AnyOfThese	Element.Type	Equals	AUR_Column_Conc Round_900
	NONE	16413201	PB - A4 - Install Steel Crosshead (1No)	CON.SP1.2470	V01_MH Ped Bridge Stick build zoning - VBS.nwd	Construction	And	AllOfThese	VB_PDS.Zone	Equals	Zone A4
	NONE	16413201	PB - A4 - Install Steel Crosshead (1No)	CON.SP1.2470	V01_MH Ped Bridge Stick build zoning - VBS.nwd	Construction	And	AnyOfThese	VB_PDS.Item description	Equals	Cross head beam
	NONE	16413120	PB - A5 - Piling (4no.)	CON.SP1.2515	V01_MH Ped Bridge Stick build zoning - VBS.nwd	Construction	And	AllOfThese	VB_PDS.Zone	Equals	Zone A5
	NONE	16413120	PB - A5 - Piling (4no.)	CON.SP1.2515	V01_MH Ped Bridge Stick build zoning - VBS.nwd	Construction	And	AnyOfThese	Element.Family	Equals	AUR_StrFdn_Pile
	NONE	16414738	PB - A5 - Pour Pile Caps & Ground Beams	CON.SP1.2545	V01_MH Ped Bridge Stick build zoning - VBS.nwd	Construction	And	AllOfThese	VB_PDS.Zone	Equals	Zone A5
	NONE	16414738	PB - A5 - Pour Pile Caps & Ground Beams	CON.SP1.2545	V01_MH Ped Bridge Stick build zoning - VBS.nwd	Construction	And	AnyOfThese	Element.Family	Equals	AUR_StrFdn_Pilecap
	NONE	16414738	PB - A5 - Pour Pile Caps & Ground Beams	CON.SP1.2545	V01_MH Ped Bridge Stick build zoning - VBS.nwd	Construction	And	AnyOfThese	Element.Family	Equals	AUR_StrFdn_GroundBeam
	NONE	16413119	PB - A5 - Pour Piers (2No)	CON.SP1.2560	V01_MH Ped Bridge Stick build zoning - VBS.nwd	Construction	And	AllOfThese	VB_PDS.Zone	Equals	Zone A5
	NONE	16413119	PB - A5 - Pour Piers (2No)	CON.SP1.2560	V01_MH Ped Bridge Stick build zoning - VBS.nwd	Construction	And	AnyOfThese	Element.Type	Equals	AUR_Column_Conc Round_900
	NONE	16413121	PB - A1-1 - Install Floor Beams	CON.SP1.2101	V01_MH Ped Bridge Stick build zoning - VBS.nwd	Construction	And	AllOfThese	VB_PDS.Zone	Equals	Zone A1- 1 Hammer head
	NONE	16413121	PB - A1-1 - Install Floor Beams	CON.SP1.2101	V01_MH Ped Bridge Stick build zoning - VBS.nwd	Construction	And	AnyOfThese	VB_PDS.Item description	Equals	Floor Beams
	NONE	16414564	PB - A1-1 - Erect Steel Columns & Primary Roofing Steel  (after modules are installed)	CON.SP1.2102	V01_MH Roof zoning - VBS.nwd	Construction	And	AllOfThese	VB_PDS.Zone	Equals	Zone A1-1
	NONE	16414564	PB - A1-1 - Erect Steel Columns & Primary Roofing Steel  (after modules are installed)	CON.SP1.2102	V01_MH Roof zoning - VBS.nwd	Construction	And	AnyOfThese	VB_PDS.Item description	Equals	Roof
	NONE	16413149	PB - A1-2 - Install Floor Beams	CON.SP1.2201	V01_MH Ped Bridge Stick build zoning - VBS.nwd	Construction	And	AllOfThese	VB_PDS.Zone	Equals	Zone A1- 2 Crane Area
	NONE	16413152	PB - A1-2 - Erect Steel Columns and Roofing for A1 Hammerhead Area 2	CON.SP1.2202	V01_MH Roof zoning - VBS.nwd	Construction	And	AllOfThese	VB_PDS.Zone	Equals	Zone A1-2
	NONE	16413152	PB - A1-2 - Erect Steel Columns and Roofing for A1 Hammerhead Area 2	CON.SP1.2202	V01_MH Roof zoning - VBS.nwd	Construction	And	AnyOfThese	VB_PDS.Item description	Equals	Roof
	NONE	16413152	PB - A1-2 - Erect Steel Columns and Roofing for A1 Hammerhead Area 2	CON.SP1.2202	V01_MH Roof zoning - VBS.nwd	Construction	And	AnyOfThese	Element.Workset	Equals	APAM_ST_Steelwork
	NONE	16413151	PB - A1-2 - FRP Level 2 Concrete Deck	CON.SP1.2205	V01_MH_Split slab_VBS.nwd	Construction	And	AllOfThese	VB_PDS.Zone	Equals	A1-2
	NONE	16413154	PB - A1-A2 - Install Floor Beams (Night Works)	CON.SP1.2012	V01_MH Ped Bridge Stick build zoning - VBS.nwd	Construction	And	AllOfThese	VB_PDS.Zone	Equals	Zone A1-A2
	NONE	16413154	PB - A1-A2 - Install Floor Beams (Night Works)	CON.SP1.2012	V01_MH Ped Bridge Stick build zoning - VBS.nwd	Construction	And	AnyOfThese	VB_PDS.Item description	Equals	Sliding beams
	NONE	16413154	PB - A1-A2 - Install Floor Beams (Night Works)	CON.SP1.2012	V01_MH Ped Bridge Stick build zoning - VBS.nwd	Construction	And	AnyOfThese	VB_PDS.Item description	Equals	Central beams
	NONE	16413124	PB - A1-A2 - Install Modular Segments Inc. Bondek, Facade Glazing & Roof (Night Works)	CON.SP1.2112	V01_MH Ped Bridge - VBS.nwd	Construction	And	AllOfThese	VB_PDS.Zone	Contains	8
	NONE	16413125	PB - A1-A2 - FRP Concrete Deck	CON.SP1.2412	V01_MH_Split slab_VBS.nwd	Construction	Or	AllOfThese	VB_PDS.Zone	Equals	Ped Bridge
	NONE	16413125	PB - A1-A2 - FRP Concrete Deck	CON.SP1.2412	V01_MH_Split slab_VBS.nwd	Construction	Or	AnyOfThese	VB_PDS.Zone	Equals	A1-1
	NONE	16413125	PB - A1-A2 - FRP Concrete Deck	CON.SP1.2412	V01_MH_Split slab_VBS.nwd	Construction	Or	AnyOfThese	Item.Type	Equals	Floors: Floor: AUR_StrFlr_Timber Floor_25
	NONE	16413126	PB - A2-A3 - Install Floor Beams (Night Works)	CON.SP1.2023	V01_MH Ped Bridge Stick build zoning - VBS.nwd	Construction	And	AllOfThese	VB_PDS.Zone	Equals	Zone A2-A3
	NONE	16413156	PB - A2-A3 - Splice Modules and Seal Gaps	CON.SP1.2223	V01_MH Ped Bridge - VBS.nwd	Construction	Or	AllOfThese	VB_PDS.Zone	Contains	7
	NONE	16413156	PB - A2-A3 - Splice Modules and Seal Gaps	CON.SP1.2223	V01_MH Ped Bridge - VBS.nwd	Construction	Or	AnyOfThese	VB_PDS.Zone	Contains	6
	NONE	16413128	PB - A3-A4 - Install Floor Beams (Night Works)	CON.SP1.2034	V01_MH Ped Bridge Stick build zoning - VBS.nwd	Construction	And	AllOfThese	VB_PDS.Zone	Equals	Zone A3-A4
	NONE	16413158	PB - A3-A4 - Splice Modules and Seal Gaps	CON.SP1.2234	V01_MH Ped Bridge - VBS.nwd	Construction	Or	AllOfThese	VB_PDS.Zone	Contains	5
	NONE	16413158	PB - A3-A4 - Splice Modules and Seal Gaps	CON.SP1.2234	V01_MH Ped Bridge - VBS.nwd	Construction	Or	AnyOfThese	VB_PDS.Zone	Contains	4
	NONE	16413130	PB - A4-A5 - Install Floor Beams (Night Works)	CON.SP1.2045	V01_MH Ped Bridge Stick build zoning - VBS.nwd	Construction	Or	AllOfThese	VB_PDS.Zone	Equals	Zone A4-A5
	NONE	16413130	PB - A4-A5 - Install Floor Beams (Night Works)	CON.SP1.2045	V01_MH Ped Bridge Stick build zoning - VBS.nwd	Construction	Or	AnyOfThese	VB_PDS.Item description	Equals	Central beams
	NONE	16413160	PB - A4-A5 - Splice Modules and Seal Gaps	CON.SP1.2745	V01_MH Ped Bridge - VBS.nwd	Construction	Or	AllOfThese	VB_PDS.Zone	Contains	2
	NONE	16413160	PB - A4-A5 - Splice Modules and Seal Gaps	CON.SP1.2745	V01_MH Ped Bridge - VBS.nwd	Construction	Or	AnyOfThese	VB_PDS.Zone	Contains	3
	NONE	16413132	PB - A5-L2D - Install Floor Beams (Night Works)	CON.SP1.2035	V01_MH Ped Bridge Stick build zoning - VBS.nwd	Construction	Or	AllOfThese	VB_PDS.Zone2	Equals	Zone A5
	NONE	16413132	PB - A5-L2D - Install Floor Beams (Night Works)	CON.SP1.2035	V01_MH Ped Bridge Stick build zoning - VBS.nwd	Construction	Or	AnyOfThese	VB_PDS.Zone	Equals	Zone A5
	NONE	16413167	PB - A5-L2D - Splice Modules and Seal Gaps	CON.SP1.2065	V01_MH Ped Bridge - VBS.nwd	Construction	And	AllOfThese	VB_PDS.Zone	Contains	1
	NONE	16413161	PB - Complete Sealing of Roof Post Module Installation (Watertight)	CON.SP1.2502	V01_MH_VBS_IFC ARCH_CP16007(02)-GAM-FC-C1-000-M3-AA-0001-ARCH MAIN[C01]_ .nwd	Construction	And	AllOfThese	VB_PDS.Zone	Contains	module
	NONE	16413161	PB - Complete Sealing of Roof Post Module Installation (Watertight)	CON.SP1.2502	V01_MH_VBS_IFC ARCH_CP16007(02)-GAM-FC-C1-000-M3-AA-0001-ARCH MAIN[C01]_ .nwd	Construction	And	AnyOfThese	Element.Type	Equals	GAM_Roof_Cladding_MetalDeck_65_RFS-001
	NONE	16413161	PB - Complete Sealing of Roof Post Module Installation (Watertight)	CON.SP1.2502	V01_MH_VBS_IFC ARCH_CP16007(02)-GAM-FC-C1-000-M3-AA-0001-ARCH MAIN[C01]_ .nwd	Construction	And	AnyOfThese	Element.Type	Equals	GAM_StrFra_Bridge_PopUpEave_CLA-001
	NONE	16413161	PB - Complete Sealing of Roof Post Module Installation (Watertight)	CON.SP1.2502	V01_MH_VBS_IFC ARCH_CP16007(02)-GAM-FC-C1-000-M3-AA-0001-ARCH MAIN[C01]_ .nwd	Construction	And	AnyOfThese	Element.Type	Equals	GAM_CurtainPanel_SystemPanel_Louvre_33_LVR-201
	NONE	16413161	PB - Complete Sealing of Roof Post Module Installation (Watertight)	CON.SP1.2502	V01_MH_VBS_IFC ARCH_CP16007(02)-GAM-FC-C1-000-M3-AA-0001-ARCH MAIN[C01]_ .nwd	Construction	And	AnyOfThese	Element.Type	Equals	GAM_Wall_Louvre_Vertical_LVR-002
	NONE	16413134	PB - Remove Temporary Works for Fall/Drop Protection over Traffic (Night)	CON.SP1.2503	V01_MH_VBS_IFC ARCH_CP16007(02)-GAM-FC-C1-000-M3-AA-0001-ARCH MAIN[C01]_ .nwd	Construction	And	AllOfThese	Type Custom.APAM_Uniclass2015_Pr_Title	Equals	Skylights
	NONE	16414695	PB - A1-1 - Install Roofing for Work Area 1	CON.SP1.2504	V01_MH_VBS_IFC ARCH_CP16007(02)-GAM-FC-C1-000-M3-AA-0001-ARCH MAIN[C01]_ .nwd	Construction	And	AllOfThese	VB_PDS.Zone	Equals	A1-1
	NONE	16414695	PB - A1-1 - Install Roofing for Work Area 1	CON.SP1.2504	V01_MH_VBS_IFC ARCH_CP16007(02)-GAM-FC-C1-000-M3-AA-0001-ARCH MAIN[C01]_ .nwd	Construction	And	AnyOfThese	Element.Type	Equals	GAM_StrFra_Bridge_PopUpEave_CLA-001
	NONE	16414695	PB - A1-1 - Install Roofing for Work Area 1	CON.SP1.2504	V01_MH_VBS_IFC ARCH_CP16007(02)-GAM-FC-C1-000-M3-AA-0001-ARCH MAIN[C01]_ .nwd	Construction	And	AnyOfThese	Element.Type	Equals	GAM_Roof_Cladding_MetalDeck_65_RFS-001
	NONE	16414696	PB - A1-2 - Install Roofing for Work Area 2	CON.SP1.2506	V01_MH_VBS_IFC ARCH_CP16007(02)-GAM-FC-C1-000-M3-AA-0001-ARCH MAIN[C01]_ .nwd	Construction	And	AllOfThese	VB_PDS.Zone	Equals	A1-2
	NONE	16414696	PB - A1-2 - Install Roofing for Work Area 2	CON.SP1.2506	V01_MH_VBS_IFC ARCH_CP16007(02)-GAM-FC-C1-000-M3-AA-0001-ARCH MAIN[C01]_ .nwd	Construction	And	AnyOfThese	Element.Type	Equals	GAM_StrFra_Bridge_PopUpEave_CLA-001
	NONE	16414696	PB - A1-2 - Install Roofing for Work Area 2	CON.SP1.2506	V01_MH_VBS_IFC ARCH_CP16007(02)-GAM-FC-C1-000-M3-AA-0001-ARCH MAIN[C01]_ .nwd	Construction	And	AnyOfThese	Element.Type	Equals	GAM_Roof_Cladding_MetalDeck_65_RFS-001
	NONE	16413162	PB - Install Underside Cladding & Complete Joints Betweeen Modules (Night)	CON.SP1.2507	V01_MH_VBS_IFC ARCH_CP16007(02)-GAM-FC-C1-000-M3-AA-0001-ARCH MAIN[C01]_ .nwd	Construction	And	AllOfThese	VB_PDS.Zone	Contains	module
	NONE	16413162	PB - Install Underside Cladding & Complete Joints Betweeen Modules (Night)	CON.SP1.2507	V01_MH_VBS_IFC ARCH_CP16007(02)-GAM-FC-C1-000-M3-AA-0001-ARCH MAIN[C01]_ .nwd	Construction	And	AnyOfThese	Element.Type	Equals	GAM_StrFra_Bridge_SoffitCladding_Bottom_9000_CLA-002
	NONE	16413162	PB - Install Underside Cladding & Complete Joints Betweeen Modules (Night)	CON.SP1.2507	V01_MH_VBS_IFC ARCH_CP16007(02)-GAM-FC-C1-000-M3-AA-0001-ARCH MAIN[C01]_ .nwd	Construction	And	AnyOfThese	Element.Type	Equals	GAM_Ceiling_Soffit_Bridge_60_CLG-501
	NONE	16413162	PB - Install Underside Cladding & Complete Joints Betweeen Modules (Night)	CON.SP1.2507	V01_MH_VBS_IFC ARCH_CP16007(02)-GAM-FC-C1-000-M3-AA-0001-ARCH MAIN[C01]_ .nwd	Construction	And	AnyOfThese	Element.Type	Equals	GAM_StrFra_Bridge_SoffitCladding_Bottom_Cantilever_CLA-002
	NONE	16413162	PB - Install Underside Cladding & Complete Joints Betweeen Modules (Night)	CON.SP1.2507	V01_MH_VBS_IFC ARCH_CP16007(02)-GAM-FC-C1-000-M3-AA-0001-ARCH MAIN[C01]_ .nwd	Construction	And	AnyOfThese	Element.Type	Equals	GAM_StrFra_Bridge_Soffit_Sculptform Medium Bronze_50_CLG-521
	NONE	16413447	PB - A1-1 Install facade Glazing for Hammerhead Work Area 1 ( Watertight)	CON.SP1.2508	V01_MH_VBS_IFC ARCH_CP16007(02)-GAM-FC-C1-000-M3-AA-0001-ARCH MAIN[C01]_ .nwd	Construction	And	AllOfThese	VB_PDS.Zone	Equals	A1-1
	NONE	16413447	PB - A1-1 Install facade Glazing for Hammerhead Work Area 1 ( Watertight)	CON.SP1.2508	V01_MH_VBS_IFC ARCH_CP16007(02)-GAM-FC-C1-000-M3-AA-0001-ARCH MAIN[C01]_ .nwd	Construction	And	AnyOfThese	Element.Type	Equals	GAM_CurtainPanel_SystemPanel_Glazed_33_GLS-201
	NONE	16413447	PB - A1-1 Install facade Glazing for Hammerhead Work Area 1 ( Watertight)	CON.SP1.2508	V01_MH_VBS_IFC ARCH_CP16007(02)-GAM-FC-C1-000-M3-AA-0001-ARCH MAIN[C01]_ .nwd	Construction	And	AnyOfThese	Element.Type	Equals	GAM_Wall_Bridge_CurvedGlazing_33_GLS-201
	NONE	16413447	PB - A1-1 Install facade Glazing for Hammerhead Work Area 1 ( Watertight)	CON.SP1.2508	V01_MH_VBS_IFC ARCH_CP16007(02)-GAM-FC-C1-000-M3-AA-0001-ARCH MAIN[C01]_ .nwd	Construction	And	AnyOfThese	Element.Type	Equals	GAM_Column_PedBridge_Overcladding_Undefined
	NONE	16413447	PB - A1-1 Install facade Glazing for Hammerhead Work Area 1 ( Watertight)	CON.SP1.2508	V01_MH_VBS_IFC ARCH_CP16007(02)-GAM-FC-C1-000-M3-AA-0001-ARCH MAIN[C01]_ .nwd	Construction	And	AnyOfThese	Element.Type	Equals	GAM_StrFra_Bridge_RoofEaves_Top_Filleted_CLA-001
	NONE	16413447	PB - A1-1 Install facade Glazing for Hammerhead Work Area 1 ( Watertight)	CON.SP1.2508	V01_MH_VBS_IFC ARCH_CP16007(02)-GAM-FC-C1-000-M3-AA-0001-ARCH MAIN[C01]_ .nwd	Construction	And	AnyOfThese	Element.Type	Equals	GAM_StrFra_Bridge_RoofEaves_Top_8400_CLA-001
	NONE	16413447	PB - A1-1 Install facade Glazing for Hammerhead Work Area 1 ( Watertight)	CON.SP1.2508	V01_MH_VBS_IFC ARCH_CP16007(02)-GAM-FC-C1-000-M3-AA-0001-ARCH MAIN[C01]_ .nwd	Construction	And	AnyOfThese	Element.Type	Equals	GAM_StrFra_Bridge_RoofEaves_Top_NoGap_Infill_CLA-001
	NONE	16413447	PB - A1-1 Install facade Glazing for Hammerhead Work Area 1 ( Watertight)	CON.SP1.2508	V01_MH_VBS_IFC ARCH_CP16007(02)-GAM-FC-C1-000-M3-AA-0001-ARCH MAIN[C01]_ .nwd	Construction	And	AnyOfThese	Element.Type	Equals	GAM_StrFra_Bridge_RoofEaves_Top_Infill_CLA-001
	NONE	16413447	PB - A1-1 Install facade Glazing for Hammerhead Work Area 1 ( Watertight)	CON.SP1.2508	V01_MH_VBS_IFC ARCH_CP16007(02)-GAM-FC-C1-000-M3-AA-0001-ARCH MAIN[C01]_ .nwd	Construction	And	AnyOfThese	Element.Type	Equals	GAM_StrFra_Bridge_RoofEaves_T2End_SolidReturn
	NONE	16413447	PB - A1-1 Install facade Glazing for Hammerhead Work Area 1 ( Watertight)	CON.SP1.2508	V01_MH_VBS_IFC ARCH_CP16007(02)-GAM-FC-C1-000-M3-AA-0001-ARCH MAIN[C01]_ .nwd	Construction	And	AnyOfThese	Element.Type	Equals	GAM_StrFra_Bridge_RoofEaves_Top_8400_SolidWall_CLA-001
	NONE	16413447	PB - A1-1 Install facade Glazing for Hammerhead Work Area 1 ( Watertight)	CON.SP1.2508	V01_MH_VBS_IFC ARCH_CP16007(02)-GAM-FC-C1-000-M3-AA-0001-ARCH MAIN[C01]_ .nwd	Construction	And	AnyOfThese	Element.Type	Equals	GAM_StrFra_Bridge_RoofEaves_ParkRoyalCore_Interface_CLA-001
	NONE	16413447	PB - A1-1 Install facade Glazing for Hammerhead Work Area 1 ( Watertight)	CON.SP1.2508	V01_MH_VBS_IFC ARCH_CP16007(02)-GAM-FC-C1-000-M3-AA-0001-ARCH MAIN[C01]_ .nwd	Construction	And	AnyOfThese	Type Custom.APAM_Description	Equals	3mm Solid Aluminium Cladding on Cassette Frame
	NONE	16413447	PB - A1-1 Install facade Glazing for Hammerhead Work Area 1 ( Watertight)	CON.SP1.2508	V01_MH_VBS_IFC ARCH_CP16007(02)-GAM-FC-C1-000-M3-AA-0001-ARCH MAIN[C01]_ .nwd	Construction	And	AnyOfThese	Element.Type	Equals	GAM_StrFra_Bridge_SoffitCladding_Bottom_8400_CLA-002
	NONE	16413447	PB - A1-1 Install facade Glazing for Hammerhead Work Area 1 ( Watertight)	CON.SP1.2508	V01_MH_VBS_IFC ARCH_CP16007(02)-GAM-FC-C1-000-M3-AA-0001-ARCH MAIN[C01]_ .nwd	Construction	And	AnyOfThese	Element.Type	Equals	GAM_StrFra_Bridge_SoffitCladding_Bottom_Fillet_CLA-002
	NONE	16413447	PB - A1-1 Install facade Glazing for Hammerhead Work Area 1 ( Watertight)	CON.SP1.2508	V01_MH_VBS_IFC ARCH_CP16007(02)-GAM-FC-C1-000-M3-AA-0001-ARCH MAIN[C01]_ .nwd	Construction	And	AnyOfThese	Element.Type	Equals	GAM_StrFra_Bridge_SoffitCladding_BottomNoVents_Infill_CLA-001
	NONE	16413448	PB - A1-2 Install facade Glazing for Hammerhead Work Area 2 (Watertight)	CON.SP1.2509	V01_MH_VBS_IFC ARCH_CP16007(02)-GAM-FC-C1-000-M3-AA-0001-ARCH MAIN[C01]_ .nwd	Construction	And	AllOfThese	VB_PDS.Zone	Equals	A1-2
	NONE	16413448	PB - A1-2 Install facade Glazing for Hammerhead Work Area 2 (Watertight)	CON.SP1.2509	V01_MH_VBS_IFC ARCH_CP16007(02)-GAM-FC-C1-000-M3-AA-0001-ARCH MAIN[C01]_ .nwd	Construction	And	AnyOfThese	Element.Type	Equals	GAM_Wall_Bridge_CurvedGlazing_33_GLS-201
	NONE	16413448	PB - A1-2 Install facade Glazing for Hammerhead Work Area 2 (Watertight)	CON.SP1.2509	V01_MH_VBS_IFC ARCH_CP16007(02)-GAM-FC-C1-000-M3-AA-0001-ARCH MAIN[C01]_ .nwd	Construction	And	AnyOfThese	Element.Type	Equals	GAM_Column_PedBridge_Overcladding_Undefined
	NONE	16413448	PB - A1-2 Install facade Glazing for Hammerhead Work Area 2 (Watertight)	CON.SP1.2509	V01_MH_VBS_IFC ARCH_CP16007(02)-GAM-FC-C1-000-M3-AA-0001-ARCH MAIN[C01]_ .nwd	Construction	And	AnyOfThese	Element.Type	Equals	GAM_CurtainPanel_SystemPanel_Glazed_33_GLS-201
	NONE	16413448	PB - A1-2 Install facade Glazing for Hammerhead Work Area 2 (Watertight)	CON.SP1.2509	V01_MH_VBS_IFC ARCH_CP16007(02)-GAM-FC-C1-000-M3-AA-0001-ARCH MAIN[C01]_ .nwd	Construction	And	AnyOfThese	Element.Type	Equals	GAM_StrFra_Bridge_SoffitCladding_Bottom_8400_CLA-002
	NONE	16413448	PB - A1-2 Install facade Glazing for Hammerhead Work Area 2 (Watertight)	CON.SP1.2509	V01_MH_VBS_IFC ARCH_CP16007(02)-GAM-FC-C1-000-M3-AA-0001-ARCH MAIN[C01]_ .nwd	Construction	And	AnyOfThese	Element.Type	Equals	GAM_StrFra_Bridge_SoffitCladding_BottomNoVents_Infill_CLA-001
	NONE	16413448	PB - A1-2 Install facade Glazing for Hammerhead Work Area 2 (Watertight)	CON.SP1.2509	V01_MH_VBS_IFC ARCH_CP16007(02)-GAM-FC-C1-000-M3-AA-0001-ARCH MAIN[C01]_ .nwd	Construction	And	AnyOfThese	Element.Type	Equals	GAM_Wall_OrientationSpace_Fascia_MetalCladding_50_CLA-001
	NONE	16413448	PB - A1-2 Install facade Glazing for Hammerhead Work Area 2 (Watertight)	CON.SP1.2509	V01_MH_VBS_IFC ARCH_CP16007(02)-GAM-FC-C1-000-M3-AA-0001-ARCH MAIN[C01]_ .nwd	Construction	And	AnyOfThese	Element.Type	Equals	GAM_StrFra_Bridge_RoofEaves_Top_8400_CLA-001
	NONE	16413448	PB - A1-2 Install facade Glazing for Hammerhead Work Area 2 (Watertight)	CON.SP1.2509	V01_MH_VBS_IFC ARCH_CP16007(02)-GAM-FC-C1-000-M3-AA-0001-ARCH MAIN[C01]_ .nwd	Construction	And	AnyOfThese	Element.Type	Equals	GAM_StrFra_Bridge_RoofEaves_Top_NoGap_Infill_CLA-001
	NONE	16413214	GW - Demolish Existing Stairwells (2no)	CON.SP1.2709	V01_Coo-Shared-CP16007(02)-VRS-C1-M3-0003-Stru_MODIFIED_AUR.nwc	Demolition	And	AllOfThese	Phase Demolished.Name	Equals	Phase A (2026)
	NONE	16413214	GW - Demolish Existing Stairwells (2no)	CON.SP1.2709	V01_Coo-Shared-CP16007(02)-VRS-C1-M3-0003-Stru_MODIFIED_AUR.nwc	Demolition	And	AllOfThese	Element.Id	NotEquals	2221058
	NONE	16413214	GW - Demolish Existing Stairwells (2no)	CON.SP1.2709	V01_Coo-Shared-CP16007(02)-VRS-C1-M3-0003-Stru_MODIFIED_AUR.nwc	Demolition	And	AnyOfThese	Element.Type	Equals	VRS_Floor_Unidentified_30
	NONE	16413214	GW - Demolish Existing Stairwells (2no)	CON.SP1.2709	V01_Coo-Shared-CP16007(02)-VRS-C1-M3-0003-Stru_MODIFIED_AUR.nwc	Demolition	And	AnyOfThese	Element.Type	Equals	VRS_Stair-Cast-Int_Monolithic_130mm
	NONE	16413214	GW - Demolish Existing Stairwells (2no)	CON.SP1.2709	V01_Coo-Shared-CP16007(02)-VRS-C1-M3-0003-Stru_MODIFIED_AUR.nwc	Demolition	And	AnyOfThese	Element.Type	Equals	VRS_Stair_Mon_Run-Smooth_Sd135_Nl30_Tt0_Rto
	NONE	16413214	GW - Demolish Existing Stairwells (2no)	CON.SP1.2709	V01_Coo-Shared-CP16007(02)-VRS-C1-M3-0003-Stru_MODIFIED_AUR.nwc	Demolition	And	AnyOfThese	Element.Type	Equals	VRS_Floor_Unidentified_150
	NONE	16413214	GW - Demolish Existing Stairwells (2no)	CON.SP1.2709	V01_Coo-Shared-CP16007(02)-VRS-C1-M3-0003-Stru_MODIFIED_AUR.nwc	Demolition	And	AnyOfThese	Element.Type	Equals	VRS_Floor_Unidentified_200
	NONE	16413214	GW - Demolish Existing Stairwells (2no)	CON.SP1.2709	V01_Coo-Shared-CP16007(02)-VRS-C1-M3-0003-Stru_MODIFIED_AUR.nwc	Demolition	And	AnyOfThese	Element.Type	Equals	VRS_Stair_Mon_Run-Smooth_Sd135_Nl30_Tt0_Rt0
	NONE	16413214	GW - Demolish Existing Stairwells (2no)	CON.SP1.2709	V01_Coo-Shared-CP16007(02)-VRS-C1-M3-0003-Stru_MODIFIED_AUR.nwc	Demolition	And	AnyOfThese	Element.Type	Equals	VRS_Stair_Mon_Run-Smooth_Sd150_Nl30_Tt0_Rt0
	NONE	16413214	GW - Demolish Existing Stairwells (2no)	CON.SP1.2709	V01_Coo-Shared-CP16007(02)-VRS-C1-M3-0003-Stru_MODIFIED_AUR.nwc	Demolition	And	AnyOfThese	Element.Type	Equals	VRS_Floor_Unidentified_190
	NONE	16413215	GW - Demolish Pavement	CON.SP1.2710	V01_Coo-Shared-CP16007(02)-VRS-C1-M3-0003-Stru_MODIFIED_AUR.nwc	Demolition	And	AllOfThese	Phase Demolished.Name	Equals	Phase A (2026)
	NONE	16413215	GW - Demolish Pavement	CON.SP1.2710	V01_Coo-Shared-CP16007(02)-VRS-C1-M3-0003-Stru_MODIFIED_AUR.nwc	Demolition	And	AllOfThese	Level.Name	Equals	C1_001_L00.1_CAR
	NONE	16413215	GW - Demolish Pavement	CON.SP1.2710	V01_Coo-Shared-CP16007(02)-VRS-C1-M3-0003-Stru_MODIFIED_AUR.nwc	Demolition	And	AnyOfThese	Element.Type	Equals	VRS_Floor_Unidentified_150
	NONE	16413215	GW - Demolish Pavement	CON.SP1.2710	V01_Coo-Shared-CP16007(02)-VRS-C1-M3-0003-Stru_MODIFIED_AUR.nwc	Demolition	And	AnyOfThese	Element.Type	Equals	VRS_Floor_Unidentified_230
	NONE	16413044	GW - Piling (23No)	CON.SP1.2711	V02_CP16007(02)-AUR-FC-C1-000-M3-SS-0001-T123 CAR PARK.nwc	Construction	And	AllOfThese	Revit Type.Type Comments	Equals	750 DIA
	NONE	16413046	GW - FRP Ground Beams	CON.SP1.2712	V02_CP16007(02)-AUR-FC-C1-000-M3-SS-0001-T123 CAR PARK.nwc	Construction	And	AllOfThese	Item.Name	Equals	AUR_StrFdn_Beam_600 x 900 GB03
	NONE	16413045	GW - Install Precast Wall Panels - 1st Lift	CON.SP1.2714	V02_CP16007(02)-AUR-FC-C1-000-M3-SS-0001-T123 CAR PARK.nwc	Construction	And	AllOfThese	Element.APAM_Level	Equals	C1_001_L00.0
	NONE	16413045	GW - Install Precast Wall Panels - 1st Lift	CON.SP1.2714	V02_CP16007(02)-AUR-FC-C1-000-M3-SS-0001-T123 CAR PARK.nwc	Construction	And	AllOfThese	Revit Material.Name	Equals	10_ST_Concrete Precast
	NONE	16413045	GW - Install Precast Wall Panels - 1st Lift	CON.SP1.2714	V02_CP16007(02)-AUR-FC-C1-000-M3-SS-0001-T123 CAR PARK.nwc	Construction	And	AllOfThese	Base Constraint.Elevation	Equals	387.139107611548
	NONE	16413216	GW - FRP Ground Floor Slabs	CON.SP1.2715	V02_CP16007(02)-AUR-FC-C1-000-M3-SS-0001-T123 CAR PARK.nwc	Construction	And	AllOfThese	Revit Material.Name	Equals	10_ST_Concrete Insitu
	NONE	16413216	GW - FRP Ground Floor Slabs	CON.SP1.2715	V02_CP16007(02)-AUR-FC-C1-000-M3-SS-0001-T123 CAR PARK.nwc	Construction	And	AllOfThese	Element.APAM_Level	Equals	C1_001_L00.0
	NONE	16413216	GW - FRP Ground Floor Slabs	CON.SP1.2715	V02_CP16007(02)-AUR-FC-C1-000-M3-SS-0001-T123 CAR PARK.nwc	Construction	And	AllOfThese	Element.Family	Equals	Floor
	NONE	16413216	GW - FRP Ground Floor Slabs	CON.SP1.2715	V02_CP16007(02)-AUR-FC-C1-000-M3-SS-0001-T123 CAR PARK.nwc	Construction	And	AllOfThese	Element.APAM_Location	NotEquals	L00 REAR VT
	NONE	16413218	GW - Install Precast Wall Panels - 2nd & 3rd Lift	CON.SP1.2717	V02_CP16007(02)-AUR-FC-C1-000-M3-SS-0001-T123 CAR PARK.nwc	Construction	And	AllOfThese	Item.Material	Equals	10_ST_Concrete Precast
	NONE	16413218	GW - Install Precast Wall Panels - 2nd & 3rd Lift	CON.SP1.2717	V02_CP16007(02)-AUR-FC-C1-000-M3-SS-0001-T123 CAR PARK.nwc	Construction	And	AnyOfThese	Element.APAM_Location	Equals	CENTRAL IFT VT
	NONE	16413218	GW - Install Precast Wall Panels - 2nd & 3rd Lift	CON.SP1.2717	V02_CP16007(02)-AUR-FC-C1-000-M3-SS-0001-T123 CAR PARK.nwc	Construction	And	AnyOfThese	Element.APAM_Location	Equals	FIRE STAIR 1
	NONE	16413218	GW - Install Precast Wall Panels - 2nd & 3rd Lift	CON.SP1.2717	V02_CP16007(02)-AUR-FC-C1-000-M3-SS-0001-T123 CAR PARK.nwc	Construction	And	AnyOfThese	Element.APAM_Location	Equals	FIRE STAIR 2
	NONE	16413047	GW - Install Structural Steel Columns and Beams - Level 2	CON.SP1.2718	V02_CP16007(02)-AUR-FC-C1-000-M3-SS-0001-T123 CAR PARK.nwc	Construction	Or	AllOfThese	Item.Name	Equals	310UC118
	NONE	16413049	GW - FRP Stairs (2no)	CON.SP1.2721	V02_CP16007(02)-AUR-FC-C1-000-M3-SS-0001-T123 CAR PARK.nwc	Construction	Or	AllOfThese	Element.APAM_Location	Equals	FIRE STAIR 2
	NONE	16413049	GW - FRP Stairs (2no)	CON.SP1.2721	V02_CP16007(02)-AUR-FC-C1-000-M3-SS-0001-T123 CAR PARK.nwc	Construction	Or	AllOfThese	Item.Material	NotEquals	10_ST_Concrete Precast
	NONE	16413049	GW - FRP Stairs (2no)	CON.SP1.2721	V02_CP16007(02)-AUR-FC-C1-000-M3-SS-0001-T123 CAR PARK.nwc	Construction	Or	AnyOfThese	Element.APAM_Location	Equals	FIRE STAIR 1
	NONE	16413220	GW - Install Structural Steel Columns and Beams - Level 3	CON.SP1.2722	V02_CP16007(02)-AUR-FC-C1-000-M3-SS-0001-T123 CAR PARK.nwc	Construction	And	AllOfThese	Element.APAM_Location	Equals	L3 GATEWAY SPACE
	NONE	16413220	GW - Install Structural Steel Columns and Beams - Level 3	CON.SP1.2722	V02_CP16007(02)-AUR-FC-C1-000-M3-SS-0001-T123 CAR PARK.nwc	Construction	And	AnyOfThese	Element.Family	Equals	AUR_StrFra_Beam_Steel_WC
	NONE	16413048	GW - FRP Suspended Slab - Level 2	CON.SP1.2723	V02_CP16007(02)-AUR-FC-C1-000-M3-SS-0001-T123 CAR PARK.nwc	Construction	And	AllOfThese	Element.APAM_Level	Equals	C1_001_L02.0
	NONE	16413048	GW - FRP Suspended Slab - Level 2	CON.SP1.2723	V02_CP16007(02)-AUR-FC-C1-000-M3-SS-0001-T123 CAR PARK.nwc	Construction	And	AllOfThese	Item.Material	Equals	10_ST_Concrete Insitu
	NONE	16413048	GW - FRP Suspended Slab - Level 2	CON.SP1.2723	V02_CP16007(02)-AUR-FC-C1-000-M3-SS-0001-T123 CAR PARK.nwc	Construction	And	AllOfThese	Element.APAM_Location	Equals	L2 GATEWAY SPACE
	NONE	16413221	GW - FRP Suspended Slab - Level 3	CON.SP1.2724	V02_CP16007(02)-AUR-FC-C1-000-M3-SS-0001-T123 CAR PARK.nwc	Construction	And	AllOfThese	Element.APAM_Location	Equals	L3 GATEWAY SPACE
	NONE	16413221	GW - FRP Suspended Slab - Level 3	CON.SP1.2724	V02_CP16007(02)-AUR-FC-C1-000-M3-SS-0001-T123 CAR PARK.nwc	Construction	And	AllOfThese	Element.Workset	Equals	APAM_ST_Concrete_Insitu
	NONE	16413221	GW - FRP Suspended Slab - Level 3	CON.SP1.2724	V02_CP16007(02)-AUR-FC-C1-000-M3-SS-0001-T123 CAR PARK.nwc	Construction	And	AllOfThese	Element.Elevation at Bottom	Equals	50.7414698162734
	NONE	16413223	GW - Install Structural Steel for Roof	CON.SP1.2726	V02_CP16007(02)-AUR-FC-C1-000-M3-SS-0001-T123 CAR PARK.nwc	Construction	Or	AllOfThese	Element.APAM_Level	Equals	C1_001_L05.0
	NONE	16413223	GW - Install Structural Steel for Roof	CON.SP1.2726	V02_CP16007(02)-AUR-FC-C1-000-M3-SS-0001-T123 CAR PARK.nwc	Construction	Or	AllOfThese	Element.APAM_Location	Equals	L5 GATEWAY SPACE
	NONE	16413050	GW - Install Roof Covering  (inc Roof safety system & skylight) (L3 slabs complete)	CON.SP1.2727	V01_CP16007(02)-GAM-FC-C1-000-M3-AA-0001-ARCH MAIN[C01].nwc	Construction	And	AllOfThese	Element.APAM_Location	Equals	L03 GATEWAY SPACE
	NONE	16413612	L3SB - FRP Extend Concrete Columns	CON.SP1.3021	V02_CP16007(02)-AUR-FC-C1-000-M3-SS-0001-T123 CAR PARK.nwc	Construction	And	AllOfThese	Element.APAM_Location	Equals	L3 GATEWAY SPACE
	NONE	16413612	L3SB - FRP Extend Concrete Columns	CON.SP1.3021	V02_CP16007(02)-AUR-FC-C1-000-M3-SS-0001-T123 CAR PARK.nwc	Construction	And	AnyOfThese	Element.Workset	Equals	APAM_ST_Concrete_Insitu
	NONE	16413611	L3SB - Demolition of Slab	CON.SP1.3027	V01_Coo-Shared-CP16007(02)-VRS-C1-M3-0003-Stru_MODIFIED_AUR.nwc	Demolition	And	AllOfThese	Element.Type	Equals	VRS_Floor_Unidentified_180
	NONE	16413611	L3SB - Demolition of Slab	CON.SP1.3027	V01_Coo-Shared-CP16007(02)-VRS-C1-M3-0003-Stru_MODIFIED_AUR.nwc	Demolition	And	AllOfThese	Phase Demolished.Name	Equals	Phase A (2026)
	NONE	16413611	L3SB - Demolition of Slab	CON.SP1.3027	V01_Coo-Shared-CP16007(02)-VRS-C1-M3-0003-Stru_MODIFIED_AUR.nwc	Demolition	And	AnyOfThese	Element.Id	Equals	4659294
	NONE	16413614	L3SB - Install Steel Beams	CON.SP1.3036	V02_CP16007(02)-AUR-FC-C1-000-M3-SS-0001-T123 CAR PARK.nwc	Construction	And	AllOfThese	Element.00_GE_G_Zone	Equals	Infill
	NONE	16413616	L3SB - Pour Deck	CON.SP1.3042	V02_CP16007(02)-AUR-FC-C1-000-M3-SS-0001-T123 CAR PARK.nwc	Construction	And	AllOfThese	Element.00_GE_G_Zone	Equals	Infill
	NONE	16413616	L3SB - Pour Deck	CON.SP1.3042	V02_CP16007(02)-AUR-FC-C1-000-M3-SS-0001-T123 CAR PARK.nwc	Construction	And	AnyOfThese	Element.Workset	Equals	APAM_ST_Concrete_Insitu
	NONE	16413623	L3SB - Demolition of Slab	CON.SP1.3064	V01_Coo-Shared-CP16007(02)-VRS-C1-M3-0003-Stru_MODIFIED_AUR.nwc	Demolition	And	AllOfThese	Element.Type	Equals	VRS_Floor_Unidentified_180
	NONE	16413623	L3SB - Demolition of Slab	CON.SP1.3064	V01_Coo-Shared-CP16007(02)-VRS-C1-M3-0003-Stru_MODIFIED_AUR.nwc	Demolition	And	AllOfThese	Phase Demolished.Name	Equals	Phase A (2026)
	NONE	16413475	L3DO - Install Canopy Columns	CON.SP1.4290	V01_CP16007(02)-GAM-FC-C1-000-M3-AA-0001-ARCH MAIN[C01].nwc	Construction	And	AllOfThese	Item.Name	Equals	GRM_Metal_Protective_Paint_External_Monument_PNT-311
	NONE	16413475	L3DO - Install Canopy Columns	CON.SP1.4290	V01_CP16007(02)-GAM-FC-C1-000-M3-AA-0001-ARCH MAIN[C01].nwc	Construction	And	AnyOfThese	Item.GUID	Equals	d6dc3786-8f71-4e87-9ce3-bb465aba331a
	NONE	16413475	L3DO - Install Canopy Columns	CON.SP1.4290	V01_CP16007(02)-GAM-FC-C1-000-M3-AA-0001-ARCH MAIN[C01].nwc	Construction	And	AnyOfThese	Item.GUID	Equals	d6dc3786-8f71-4e87-9ce3-bb465aba0ce8
	NONE	16413475	L3DO - Install Canopy Columns	CON.SP1.4290	V01_CP16007(02)-GAM-FC-C1-000-M3-AA-0001-ARCH MAIN[C01].nwc	Construction	And	AnyOfThese	Item.GUID	Equals	d6dc3786-8f71-4e87-9ce3-bb465aba0ce1
	NONE	16413475	L3DO - Install Canopy Columns	CON.SP1.4290	V01_CP16007(02)-GAM-FC-C1-000-M3-AA-0001-ARCH MAIN[C01].nwc	Construction	And	AnyOfThese	Item.GUID	Equals	d6dc3786-8f71-4e87-9ce3-bb465aba0cf9
	NONE	16413475	L3DO - Install Canopy Columns	CON.SP1.4290	V01_CP16007(02)-GAM-FC-C1-000-M3-AA-0001-ARCH MAIN[C01].nwc	Construction	And	AnyOfThese	Item.GUID	Equals	d6dc3786-8f71-4e87-9ce3-bb465aba0cf1
	NONE	16413475	L3DO - Install Canopy Columns	CON.SP1.4290	V01_CP16007(02)-GAM-FC-C1-000-M3-AA-0001-ARCH MAIN[C01].nwc	Construction	And	AnyOfThese	Item.GUID	Equals	d6dc3786-8f71-4e87-9ce3-bb465aba0cc9
	NONE	16413475	L3DO - Install Canopy Columns	CON.SP1.4290	V01_CP16007(02)-GAM-FC-C1-000-M3-AA-0001-ARCH MAIN[C01].nwc	Construction	And	AnyOfThese	Item.GUID	Equals	5250c8ae-72d0-4e29-8572-9c391159ae72
	NONE	16413475	L3DO - Install Canopy Columns	CON.SP1.4290	V01_CP16007(02)-GAM-FC-C1-000-M3-AA-0001-ARCH MAIN[C01].nwc	Construction	And	AnyOfThese	Item.GUID	Equals	d6dc3786-8f71-4e87-9ce3-bb465aba3304
	NONE	16413475	L3DO - Install Canopy Columns	CON.SP1.4290	V01_CP16007(02)-GAM-FC-C1-000-M3-AA-0001-ARCH MAIN[C01].nwc	Construction	And	AnyOfThese	Item.GUID	Equals	d6dc3786-8f71-4e87-9ce3-bb465aba3303
	NONE	16413475	L3DO - Install Canopy Columns	CON.SP1.4290	V01_CP16007(02)-GAM-FC-C1-000-M3-AA-0001-ARCH MAIN[C01].nwc	Construction	And	AnyOfThese	Item.GUID	Equals	1490c5f2-7f01-4fab-b007-405d1b2636e4
	NONE	16413475	L3DO - Install Canopy Columns	CON.SP1.4290	V01_CP16007(02)-GAM-FC-C1-000-M3-AA-0001-ARCH MAIN[C01].nwc	Construction	And	AnyOfThese	Item.GUID	Equals	d6dc3786-8f71-4e87-9ce3-bb465aba0cea
	NONE	16413475	L3DO - Install Canopy Columns	CON.SP1.4290	V01_CP16007(02)-GAM-FC-C1-000-M3-AA-0001-ARCH MAIN[C01].nwc	Construction	And	AnyOfThese	Item.GUID	Equals	d6dc3786-8f71-4e87-9ce3-bb465aba0ce3
	NONE	16413475	L3DO - Install Canopy Columns	CON.SP1.4290	V01_CP16007(02)-GAM-FC-C1-000-M3-AA-0001-ARCH MAIN[C01].nwc	Construction	And	AnyOfThese	Item.GUID	Equals	d6dc3786-8f71-4e87-9ce3-bb465aba0cfb
	NONE	16413475	L3DO - Install Canopy Columns	CON.SP1.4290	V01_CP16007(02)-GAM-FC-C1-000-M3-AA-0001-ARCH MAIN[C01].nwc	Construction	And	AnyOfThese	Item.GUID	Equals	d6dc3786-8f71-4e87-9ce3-bb465aba0cf3
	NONE	16413475	L3DO - Install Canopy Columns	CON.SP1.4290	V01_CP16007(02)-GAM-FC-C1-000-M3-AA-0001-ARCH MAIN[C01].nwc	Construction	And	AnyOfThese	Item.GUID	Equals	d6dc3786-8f71-4e87-9ce3-bb465aba0ccb
	NONE	16413475	L3DO - Install Canopy Columns	CON.SP1.4290	V01_CP16007(02)-GAM-FC-C1-000-M3-AA-0001-ARCH MAIN[C01].nwc	Construction	And	AnyOfThese	Item.GUID	Equals	79090bca-0dc7-4ce9-8821-00202e8ceca3
	NONE	16413477	L3DO - Pour Raised Pavements and Pedestrian crossings	CON.SP1.4296	V01_MH_ Carpark_CP16007(02)-GAM-FC-C1-000-M3-AA-0001-ARCH MAIN[C01].nwd	Construction	And	AllOfThese	VB_PDS.Zone	Equals	Stage 1
	NONE	16413477	L3DO - Pour Raised Pavements and Pedestrian crossings	CON.SP1.4296	V01_MH_ Carpark_CP16007(02)-GAM-FC-C1-000-M3-AA-0001-ARCH MAIN[C01].nwd	Construction	And	AnyOfThese	Element.Type	Equals	GAM_Floor_Finish_ConcretePaver_Small_50_PAV-001
	NONE	16414517	L3DO - Install Canopy Columns	CON.SP1.4344	V01_CP16007(02)-GAM-FC-C1-000-M3-AA-0001-ARCH MAIN[C01].nwc	Construction	And	AllOfThese	Item.Name	Equals	GRM_Metal_Protective_Paint_External_Monument_PNT-311
	NONE	16414517	L3DO - Install Canopy Columns	CON.SP1.4344	V01_CP16007(02)-GAM-FC-C1-000-M3-AA-0001-ARCH MAIN[C01].nwc	Construction	And	AnyOfThese	Item.GUID	Equals	d6dc3786-8f71-4e87-9ce3-bb465aba0cf7
	NONE	16414517	L3DO - Install Canopy Columns	CON.SP1.4344	V01_CP16007(02)-GAM-FC-C1-000-M3-AA-0001-ARCH MAIN[C01].nwc	Construction	And	AnyOfThese	Item.GUID	Equals	d6dc3786-8f71-4e87-9ce3-bb465aba0cff
	NONE	16414517	L3DO - Install Canopy Columns	CON.SP1.4344	V01_CP16007(02)-GAM-FC-C1-000-M3-AA-0001-ARCH MAIN[C01].nwc	Construction	And	AnyOfThese	Item.GUID	Equals	d6dc3786-8f71-4e87-9ce3-bb465aba0ce7
	NONE	16414517	L3DO - Install Canopy Columns	CON.SP1.4344	V01_CP16007(02)-GAM-FC-C1-000-M3-AA-0001-ARCH MAIN[C01].nwc	Construction	And	AnyOfThese	Item.GUID	Equals	d6dc3786-8f71-4e87-9ce3-bb465aba0cee
	NONE	16414517	L3DO - Install Canopy Columns	CON.SP1.4344	V01_CP16007(02)-GAM-FC-C1-000-M3-AA-0001-ARCH MAIN[C01].nwc	Construction	And	AnyOfThese	Item.GUID	Equals	d6dc3786-8f71-4e87-9ce3-bb465aba331c
	NONE	16414517	L3DO - Install Canopy Columns	CON.SP1.4344	V01_CP16007(02)-GAM-FC-C1-000-M3-AA-0001-ARCH MAIN[C01].nwc	Construction	And	AnyOfThese	Item.GUID	Equals	1490c5f2-7f01-4fab-b007-405d1b263ebe
	NONE	16414517	L3DO - Install Canopy Columns	CON.SP1.4344	V01_CP16007(02)-GAM-FC-C1-000-M3-AA-0001-ARCH MAIN[C01].nwc	Construction	And	AnyOfThese	Item.GUID	Equals	2eb909fa-89a8-42b4-a8e4-3072c0b9e492
	NONE	16414517	L3DO - Install Canopy Columns	CON.SP1.4344	V01_CP16007(02)-GAM-FC-C1-000-M3-AA-0001-ARCH MAIN[C01].nwc	Construction	And	AnyOfThese	Item.GUID	Equals	d6dc3786-8f71-4e87-9ce3-bb465aba0cdd
	NONE	16414517	L3DO - Install Canopy Columns	CON.SP1.4344	V01_CP16007(02)-GAM-FC-C1-000-M3-AA-0001-ARCH MAIN[C01].nwc	Construction	And	AnyOfThese	Item.GUID	Equals	d6dc3786-8f71-4e87-9ce3-bb465aba0cc5
	NONE	16414517	L3DO - Install Canopy Columns	CON.SP1.4344	V01_CP16007(02)-GAM-FC-C1-000-M3-AA-0001-ARCH MAIN[C01].nwc	Construction	And	AnyOfThese	Item.GUID	Equals	d6dc3786-8f71-4e87-9ce3-bb465aba0ccd
	NONE	16414517	L3DO - Install Canopy Columns	CON.SP1.4344	V01_CP16007(02)-GAM-FC-C1-000-M3-AA-0001-ARCH MAIN[C01].nwc	Construction	And	AnyOfThese	Item.GUID	Equals	d6dc3786-8f71-4e87-9ce3-bb465aba0cf5
	NONE	16414517	L3DO - Install Canopy Columns	CON.SP1.4344	V01_CP16007(02)-GAM-FC-C1-000-M3-AA-0001-ARCH MAIN[C01].nwc	Construction	And	AnyOfThese	Item.GUID	Equals	d6dc3786-8f71-4e87-9ce3-bb465aba0cfd
	NONE	16414517	L3DO - Install Canopy Columns	CON.SP1.4344	V01_CP16007(02)-GAM-FC-C1-000-M3-AA-0001-ARCH MAIN[C01].nwc	Construction	And	AnyOfThese	Item.GUID	Equals	d6dc3786-8f71-4e87-9ce3-bb465aba0ce5
	NONE	16414517	L3DO - Install Canopy Columns	CON.SP1.4344	V01_CP16007(02)-GAM-FC-C1-000-M3-AA-0001-ARCH MAIN[C01].nwc	Construction	And	AnyOfThese	Item.GUID	Equals	deb6a180-9331-41b3-a139-4a307438b5bd
	NONE	16414517	L3DO - Install Canopy Columns	CON.SP1.4344	V01_CP16007(02)-GAM-FC-C1-000-M3-AA-0001-ARCH MAIN[C01].nwc	Construction	And	AnyOfThese	Item.GUID	Equals	d6dc3786-8f71-4e87-9ce3-bb465aba3310
	NONE	16414517	L3DO - Install Canopy Columns	CON.SP1.4344	V01_CP16007(02)-GAM-FC-C1-000-M3-AA-0001-ARCH MAIN[C01].nwc	Construction	And	AnyOfThese	Item.GUID	Equals	d6dc3786-8f71-4e87-9ce3-bb465aba0cec
	NONE	16414517	L3DO - Install Canopy Columns	CON.SP1.4344	V01_CP16007(02)-GAM-FC-C1-000-M3-AA-0001-ARCH MAIN[C01].nwc	Construction	And	AnyOfThese	Item.GUID	Equals	d6dc3786-8f71-4e87-9ce3-bb465aba3312
	NONE	16414517	L3DO - Install Canopy Columns	CON.SP1.4344	V01_CP16007(02)-GAM-FC-C1-000-M3-AA-0001-ARCH MAIN[C01].nwc	Construction	And	AnyOfThese	Item.GUID	Equals	5250c8ae-72d0-4e29-8572-9c391159ae48
	NONE	16414517	L3DO - Install Canopy Columns	CON.SP1.4344	V01_CP16007(02)-GAM-FC-C1-000-M3-AA-0001-ARCH MAIN[C01].nwc	Construction	And	AnyOfThese	Item.GUID	Equals	5250c8ae-72d0-4e29-8572-9c391159ae44
	NONE	16414517	L3DO - Install Canopy Columns	CON.SP1.4344	V01_CP16007(02)-GAM-FC-C1-000-M3-AA-0001-ARCH MAIN[C01].nwc	Construction	And	AnyOfThese	Item.GUID	Equals	d6dc3786-8f71-4e87-9ce3-bb465aba0ccf
	NONE	16414519	L3DO - Pour Raised Pavements and Pedestrian Crossings	CON.SP1.4350	V01_MH_ Carpark_CP16007(02)-GAM-FC-C1-000-M3-AA-0001-ARCH MAIN[C01].nwd	Construction	And	AllOfThese	VB_PDS.Zone	Equals	Stage 2
	NONE	16414519	L3DO - Pour Raised Pavements and Pedestrian Crossings	CON.SP1.4350	V01_MH_ Carpark_CP16007(02)-GAM-FC-C1-000-M3-AA-0001-ARCH MAIN[C01].nwd	Construction	And	AllOfThese	Element.Type	Equals	GAM_Floor_Finish_ConcretePaver_Small_50_PAV-001
	NONE	16414535	L3DO - Install Canopy Columns	CON.SP1.4398	V01_CP16007(02)-GAM-FC-C1-000-M3-AA-0001-ARCH MAIN[C01].nwc	Construction	And	AllOfThese	Item.Name	Equals	GRM_Metal_Protective_Paint_External_Monument_PNT-311
	NONE	16414535	L3DO - Install Canopy Columns	CON.SP1.4398	V01_CP16007(02)-GAM-FC-C1-000-M3-AA-0001-ARCH MAIN[C01].nwc	Construction	And	AnyOfThese	Item.GUID	Equals	d303f9ce-8c36-453f-9602-4e6ae7ab93bc
	NONE	16414535	L3DO - Install Canopy Columns	CON.SP1.4398	V01_CP16007(02)-GAM-FC-C1-000-M3-AA-0001-ARCH MAIN[C01].nwc	Construction	And	AnyOfThese	Item.GUID	Equals	d303f9ce-8c36-453f-9602-4e6ae7aa708d
	NONE	16414535	L3DO - Install Canopy Columns	CON.SP1.4398	V01_CP16007(02)-GAM-FC-C1-000-M3-AA-0001-ARCH MAIN[C01].nwc	Construction	And	AnyOfThese	Item.GUID	Equals	429108da-05bf-48f2-9b7d-0570c9f8d713
	NONE	16414535	L3DO - Install Canopy Columns	CON.SP1.4398	V01_CP16007(02)-GAM-FC-C1-000-M3-AA-0001-ARCH MAIN[C01].nwc	Construction	And	AnyOfThese	Item.GUID	Equals	429108da-05bf-48f2-9b7d-0570c9f8d71b
	NONE	16414535	L3DO - Install Canopy Columns	CON.SP1.4398	V01_CP16007(02)-GAM-FC-C1-000-M3-AA-0001-ARCH MAIN[C01].nwc	Construction	And	AnyOfThese	Item.GUID	Equals	429108da-05bf-48f2-9b7d-0570c9f8d4e3
	NONE	16414535	L3DO - Install Canopy Columns	CON.SP1.4398	V01_CP16007(02)-GAM-FC-C1-000-M3-AA-0001-ARCH MAIN[C01].nwc	Construction	And	AnyOfThese	Item.GUID	Equals	429108da-05bf-48f2-9b7d-0570c9f8d4eb
	NONE	16414535	L3DO - Install Canopy Columns	CON.SP1.4398	V01_CP16007(02)-GAM-FC-C1-000-M3-AA-0001-ARCH MAIN[C01].nwc	Construction	And	AnyOfThese	Item.GUID	Equals	429108da-05bf-48f2-9b7d-0570c9f8d4f3
	NONE	16414535	L3DO - Install Canopy Columns	CON.SP1.4398	V01_CP16007(02)-GAM-FC-C1-000-M3-AA-0001-ARCH MAIN[C01].nwc	Construction	And	AnyOfThese	Item.GUID	Equals	429108da-05bf-48f2-9b7d-0570c9f8d4fb
	NONE	16414535	L3DO - Install Canopy Columns	CON.SP1.4398	V01_CP16007(02)-GAM-FC-C1-000-M3-AA-0001-ARCH MAIN[C01].nwc	Construction	And	AnyOfThese	Item.GUID	Equals	429108da-05bf-48f2-9b7d-0570c9f8d47d
	NONE	16414535	L3DO - Install Canopy Columns	CON.SP1.4398	V01_CP16007(02)-GAM-FC-C1-000-M3-AA-0001-ARCH MAIN[C01].nwc	Construction	And	AnyOfThese	Item.GUID	Equals	429108da-05bf-48f2-9b7d-0570c9f8d47b
	NONE	16414535	L3DO - Install Canopy Columns	CON.SP1.4398	V01_CP16007(02)-GAM-FC-C1-000-M3-AA-0001-ARCH MAIN[C01].nwc	Construction	And	AnyOfThese	Item.GUID	Equals	8c50e89c-c82c-4adb-860c-2cc5718d98ba
	NONE	16414535	L3DO - Install Canopy Columns	CON.SP1.4398	V01_CP16007(02)-GAM-FC-C1-000-M3-AA-0001-ARCH MAIN[C01].nwc	Construction	And	AnyOfThese	Item.GUID	Equals	429108da-05bf-48f2-9b7d-0570c9f8d715
	NONE	16414535	L3DO - Install Canopy Columns	CON.SP1.4398	V01_CP16007(02)-GAM-FC-C1-000-M3-AA-0001-ARCH MAIN[C01].nwc	Construction	And	AnyOfThese	Item.GUID	Equals	429108da-05bf-48f2-9b7d-0570c9f8d71d
	NONE	16414535	L3DO - Install Canopy Columns	CON.SP1.4398	V01_CP16007(02)-GAM-FC-C1-000-M3-AA-0001-ARCH MAIN[C01].nwc	Construction	And	AnyOfThese	Item.GUID	Equals	429108da-05bf-48f2-9b7d-0570c9f8d4e5
	NONE	16414535	L3DO - Install Canopy Columns	CON.SP1.4398	V01_CP16007(02)-GAM-FC-C1-000-M3-AA-0001-ARCH MAIN[C01].nwc	Construction	And	AnyOfThese	Item.GUID	Equals	429108da-05bf-48f2-9b7d-0570c9f8d4ed
	NONE	16414535	L3DO - Install Canopy Columns	CON.SP1.4398	V01_CP16007(02)-GAM-FC-C1-000-M3-AA-0001-ARCH MAIN[C01].nwc	Construction	And	AnyOfThese	Item.GUID	Equals	429108da-05bf-48f2-9b7d-0570c9f8d4f5
	NONE	16414535	L3DO - Install Canopy Columns	CON.SP1.4398	V01_CP16007(02)-GAM-FC-C1-000-M3-AA-0001-ARCH MAIN[C01].nwc	Construction	And	AnyOfThese	Item.GUID	Equals	79090bca-0dc7-4ce9-8821-00202e8cf3f2
	NONE	16414537	L3DO - Pour Raised Pavements and Pedestrian Crossings	CON.SP1.4404	V01_MH_ Carpark_CP16007(02)-GAM-FC-C1-000-M3-AA-0001-ARCH MAIN[C01].nwd	Construction	And	AllOfThese	VB_PDS.Zone	Equals	Stage 3
	NONE	16414537	L3DO - Pour Raised Pavements and Pedestrian Crossings	CON.SP1.4404	V01_MH_ Carpark_CP16007(02)-GAM-FC-C1-000-M3-AA-0001-ARCH MAIN[C01].nwd	Construction	And	AllOfThese	Element.Type	Equals	GAM_Floor_Finish_ConcretePaver_Small_50_PAV-001
	NONE	16414553	L3DO - Install Canopy Columns	CON.SP1.4452	V01_CP16007(02)-GAM-FC-C1-000-M3-AA-0001-ARCH MAIN[C01].nwc	Construction	And	AllOfThese	Item.Name	Equals	GRM_Metal_Protective_Paint_External_Monument_PNT-311
	NONE	16414553	L3DO - Install Canopy Columns	CON.SP1.4452	V01_CP16007(02)-GAM-FC-C1-000-M3-AA-0001-ARCH MAIN[C01].nwc	Construction	And	AnyOfThese	Item.GUID	Equals	429108da-05bf-48f2-9b7d-0570c9f8d4c7
	NONE	16414553	L3DO - Install Canopy Columns	CON.SP1.4452	V01_CP16007(02)-GAM-FC-C1-000-M3-AA-0001-ARCH MAIN[C01].nwc	Construction	And	AnyOfThese	Item.GUID	Equals	429108da-05bf-48f2-9b7d-0570c9f8d4ff
	NONE	16414553	L3DO - Install Canopy Columns	CON.SP1.4452	V01_CP16007(02)-GAM-FC-C1-000-M3-AA-0001-ARCH MAIN[C01].nwc	Construction	And	AnyOfThese	Item.GUID	Equals	429108da-05bf-48f2-9b7d-0570c9f8d4f7
	NONE	16414553	L3DO - Install Canopy Columns	CON.SP1.4452	V01_CP16007(02)-GAM-FC-C1-000-M3-AA-0001-ARCH MAIN[C01].nwc	Construction	And	AnyOfThese	Item.GUID	Equals	429108da-05bf-48f2-9b7d-0570c9f8d4ef
	NONE	16414553	L3DO - Install Canopy Columns	CON.SP1.4452	V01_CP16007(02)-GAM-FC-C1-000-M3-AA-0001-ARCH MAIN[C01].nwc	Construction	And	AnyOfThese	Item.GUID	Equals	429108da-05bf-48f2-9b7d-0570c9f8d4e7
	NONE	16414553	L3DO - Install Canopy Columns	CON.SP1.4452	V01_CP16007(02)-GAM-FC-C1-000-M3-AA-0001-ARCH MAIN[C01].nwc	Construction	And	AnyOfThese	Item.GUID	Equals	429108da-05bf-48f2-9b7d-0570c9f8d71f
	NONE	16414553	L3DO - Install Canopy Columns	CON.SP1.4452	V01_CP16007(02)-GAM-FC-C1-000-M3-AA-0001-ARCH MAIN[C01].nwc	Construction	And	AnyOfThese	Item.GUID	Equals	429108da-05bf-48f2-9b7d-0570c9f8d708
	NONE	16414553	L3DO - Install Canopy Columns	CON.SP1.4452	V01_CP16007(02)-GAM-FC-C1-000-M3-AA-0001-ARCH MAIN[C01].nwc	Construction	And	AnyOfThese	Item.GUID	Equals	429108da-05bf-48f2-9b7d-0570c9f8d473
	NONE	16414553	L3DO - Install Canopy Columns	CON.SP1.4452	V01_CP16007(02)-GAM-FC-C1-000-M3-AA-0001-ARCH MAIN[C01].nwc	Construction	And	AnyOfThese	Item.GUID	Equals	429108da-05bf-48f2-9b7d-0570c9f8d471
	NONE	16414553	L3DO - Install Canopy Columns	CON.SP1.4452	V01_CP16007(02)-GAM-FC-C1-000-M3-AA-0001-ARCH MAIN[C01].nwc	Construction	And	AnyOfThese	Item.GUID	Equals	79090bca-0dc7-4ce9-8821-00202e8cf37e
	NONE	16414553	L3DO - Install Canopy Columns	CON.SP1.4452	V01_CP16007(02)-GAM-FC-C1-000-M3-AA-0001-ARCH MAIN[C01].nwc	Construction	And	AnyOfThese	Item.GUID	Equals	429108da-05bf-48f2-9b7d-0570c9f8d4f1
	NONE	16414553	L3DO - Install Canopy Columns	CON.SP1.4452	V01_CP16007(02)-GAM-FC-C1-000-M3-AA-0001-ARCH MAIN[C01].nwc	Construction	And	AnyOfThese	Item.GUID	Equals	429108da-05bf-48f2-9b7d-0570c9f8d4e9
	NONE	16414553	L3DO - Install Canopy Columns	CON.SP1.4452	V01_CP16007(02)-GAM-FC-C1-000-M3-AA-0001-ARCH MAIN[C01].nwc	Construction	And	AnyOfThese	Item.GUID	Equals	429108da-05bf-48f2-9b7d-0570c9f8d4e1
	NONE	16414553	L3DO - Install Canopy Columns	CON.SP1.4452	V01_CP16007(02)-GAM-FC-C1-000-M3-AA-0001-ARCH MAIN[C01].nwc	Construction	And	AnyOfThese	Item.GUID	Equals	429108da-05bf-48f2-9b7d-0570c9f8d719
	NONE	16414553	L3DO - Install Canopy Columns	CON.SP1.4452	V01_CP16007(02)-GAM-FC-C1-000-M3-AA-0001-ARCH MAIN[C01].nwc	Construction	And	AnyOfThese	Item.GUID	Equals	429108da-05bf-48f2-9b7d-0570c9f8d711
	NONE	16414553	L3DO - Install Canopy Columns	CON.SP1.4452	V01_CP16007(02)-GAM-FC-C1-000-M3-AA-0001-ARCH MAIN[C01].nwc	Construction	And	AnyOfThese	Item.GUID	Equals	8c50e89c-c82c-4adb-860c-2cc5718d8f29
	NONE	16414553	L3DO - Install Canopy Columns	CON.SP1.4452	V01_CP16007(02)-GAM-FC-C1-000-M3-AA-0001-ARCH MAIN[C01].nwc	Construction	And	AnyOfThese	Item.GUID	Equals	d303f9ce-8c36-453f-9602-4e6ae7ab92b0
	NONE	16414555	L3DO - Pour Raised Pavements and Pedestrian crossings	CON.SP1.4458	V01_MH_ Carpark_CP16007(02)-GAM-FC-C1-000-M3-AA-0001-ARCH MAIN[C01].nwd	Construction	And	AllOfThese	VB_PDS.Zone	Equals	Stage 4
	NONE	16414555	L3DO - Pour Raised Pavements and Pedestrian crossings	CON.SP1.4458	V01_MH_ Carpark_CP16007(02)-GAM-FC-C1-000-M3-AA-0001-ARCH MAIN[C01].nwd	Construction	And	AllOfThese	Element.Type	Equals	GAM_Floor_Finish_ConcretePaver_Small_50_PAV-001
	NONE	16413507	L3DO - Install Precast Kerbs	CON.SP1.4540	V01_MH_ Carpark_CP16007(02)-GAM-FC-C1-000-M3-AA-0001-ARCH MAIN[C01].nwd	Construction	And	AllOfThese	VB_PDS.Zone	Equals	Stage 1
	NONE	16413507	L3DO - Install Precast Kerbs	CON.SP1.4540	V01_MH_ Carpark_CP16007(02)-GAM-FC-C1-000-M3-AA-0001-ARCH MAIN[C01].nwd	Construction	And	AnyOfThese	Element.Type	Equals	GAM_Floor_Concrete_150_CON-001
	NONE	16413508	L3DO - Install Planter Boxes	CON.SP1.4543	V01_MH_ Carpark_CP16007(02)-GAM-FC-C1-000-M3-AA-0001-ARCH MAIN[C01].nwd	Construction	And	AllOfThese	VB_PDS.Zone	Equals	Stage 1
	NONE	16413508	L3DO - Install Planter Boxes	CON.SP1.4543	V01_MH_ Carpark_CP16007(02)-GAM-FC-C1-000-M3-AA-0001-ARCH MAIN[C01].nwd	Construction	And	AnyOfThese	Element.Type	Contains	planterbox
	NONE	16413509	L3DO - Install Steel Canopies	CON.SP1.4546	V01_CP16007(02)-GAM-FC-C1-000-M3-AA-0001-ARCH MAIN[C01].nwc	Construction	And	AllOfThese	Item.Name	Equals	GRM_Anodized_Portland Stone_MTL-402
	NONE	16413509	L3DO - Install Steel Canopies	CON.SP1.4546	V01_CP16007(02)-GAM-FC-C1-000-M3-AA-0001-ARCH MAIN[C01].nwc	Construction	And	AnyOfThese	Item.GUID	Equals	d6dc3786-8f71-4e87-9ce3-bb465aba331a
	NONE	16413509	L3DO - Install Steel Canopies	CON.SP1.4546	V01_CP16007(02)-GAM-FC-C1-000-M3-AA-0001-ARCH MAIN[C01].nwc	Construction	And	AnyOfThese	Item.GUID	Equals	1490c5f2-7f01-4fab-b007-405d1b263101
	NONE	16413509	L3DO - Install Steel Canopies	CON.SP1.4546	V01_CP16007(02)-GAM-FC-C1-000-M3-AA-0001-ARCH MAIN[C01].nwc	Construction	And	AnyOfThese	Item.GUID	Equals	d6dc3786-8f71-4e87-9ce3-bb465aba355d
	NONE	16413509	L3DO - Install Steel Canopies	CON.SP1.4546	V01_CP16007(02)-GAM-FC-C1-000-M3-AA-0001-ARCH MAIN[C01].nwc	Construction	And	AnyOfThese	Item.GUID	Equals	d6dc3786-8f71-4e87-9ce3-bb465aba353d
	NONE	16413509	L3DO - Install Steel Canopies	CON.SP1.4546	V01_CP16007(02)-GAM-FC-C1-000-M3-AA-0001-ARCH MAIN[C01].nwc	Construction	And	AnyOfThese	Item.GUID	Equals	d6dc3786-8f71-4e87-9ce3-bb465aba3519
	NONE	16413509	L3DO - Install Steel Canopies	CON.SP1.4546	V01_CP16007(02)-GAM-FC-C1-000-M3-AA-0001-ARCH MAIN[C01].nwc	Construction	And	AnyOfThese	Item.GUID	Equals	d6dc3786-8f71-4e87-9ce3-bb465aba34e7
	NONE	16413509	L3DO - Install Steel Canopies	CON.SP1.4546	V01_CP16007(02)-GAM-FC-C1-000-M3-AA-0001-ARCH MAIN[C01].nwc	Construction	And	AnyOfThese	Item.GUID	Equals	d6dc3786-8f71-4e87-9ce3-bb465aba34c0
	NONE	16413509	L3DO - Install Steel Canopies	CON.SP1.4546	V01_CP16007(02)-GAM-FC-C1-000-M3-AA-0001-ARCH MAIN[C01].nwc	Construction	And	AnyOfThese	Item.GUID	Equals	5250c8ae-72d0-4e29-8572-9c391159ae72
	NONE	16413509	L3DO - Install Steel Canopies	CON.SP1.4546	V01_CP16007(02)-GAM-FC-C1-000-M3-AA-0001-ARCH MAIN[C01].nwc	Construction	And	AnyOfThese	Item.GUID	Equals	1490c5f2-7f01-4fab-b007-405d1b263418
	NONE	16413509	L3DO - Install Steel Canopies	CON.SP1.4546	V01_CP16007(02)-GAM-FC-C1-000-M3-AA-0001-ARCH MAIN[C01].nwc	Construction	And	AnyOfThese	Item.GUID	Equals	d6dc3786-8f71-4e87-9ce3-bb465aba30f3
	NONE	16413509	L3DO - Install Steel Canopies	CON.SP1.4546	V01_CP16007(02)-GAM-FC-C1-000-M3-AA-0001-ARCH MAIN[C01].nwc	Construction	And	AnyOfThese	Item.GUID	Equals	d6dc3786-8f71-4e87-9ce3-bb465aba30da
	NONE	16413509	L3DO - Install Steel Canopies	CON.SP1.4546	V01_CP16007(02)-GAM-FC-C1-000-M3-AA-0001-ARCH MAIN[C01].nwc	Construction	And	AnyOfThese	Item.GUID	Equals	2be3e1aa-d182-4073-bc57-727f57d270ee
	NONE	16413509	L3DO - Install Steel Canopies	CON.SP1.4546	V01_CP16007(02)-GAM-FC-C1-000-M3-AA-0001-ARCH MAIN[C01].nwc	Construction	And	AnyOfThese	Item.GUID	Equals	d6dc3786-8f71-4e87-9ce3-bb465aba335a
	NONE	16413509	L3DO - Install Steel Canopies	CON.SP1.4546	V01_CP16007(02)-GAM-FC-C1-000-M3-AA-0001-ARCH MAIN[C01].nwc	Construction	And	AnyOfThese	Item.GUID	Equals	d6dc3786-8f71-4e87-9ce3-bb465aba336d
	NONE	16413509	L3DO - Install Steel Canopies	CON.SP1.4546	V01_CP16007(02)-GAM-FC-C1-000-M3-AA-0001-ARCH MAIN[C01].nwc	Construction	And	AnyOfThese	Item.GUID	Equals	d6dc3786-8f71-4e87-9ce3-bb465aba338d
	NONE	16413509	L3DO - Install Steel Canopies	CON.SP1.4546	V01_CP16007(02)-GAM-FC-C1-000-M3-AA-0001-ARCH MAIN[C01].nwc	Construction	And	AnyOfThese	Item.GUID	Equals	d6dc3786-8f71-4e87-9ce3-bb465aba33fe
	NONE	16413509	L3DO - Install Steel Canopies	CON.SP1.4546	V01_CP16007(02)-GAM-FC-C1-000-M3-AA-0001-ARCH MAIN[C01].nwc	Construction	And	AnyOfThese	Item.GUID	Equals	d6dc3786-8f71-4e87-9ce3-bb465aba3400
	NONE	16413509	L3DO - Install Steel Canopies	CON.SP1.4546	V01_CP16007(02)-GAM-FC-C1-000-M3-AA-0001-ARCH MAIN[C01].nwc	Construction	And	AnyOfThese	Item.GUID	Equals	79090bca-0dc7-4ce9-8821-00202e8ceca3
	NONE	16413509	L3DO - Install Steel Canopies	CON.SP1.4546	V01_CP16007(02)-GAM-FC-C1-000-M3-AA-0001-ARCH MAIN[C01].nwc	Construction	And	AnyOfThese	Item.GUID	Equals	1490c5f2-7f01-4fab-b007-405d1b2636e4
	NONE	16413513	L3DO - Install Traffic Crash barriers	CON.SP1.4552	V01_MH_ Carpark_CP16007(02)-GAM-FC-C1-000-M3-AA-0001-ARCH MAIN[C01].nwd	Construction	And	AllOfThese	Element.Type	Equals	GAM_Site_Bollard_Steel_Round_140_BOL-001
	NONE	16413513	L3DO - Install Traffic Crash barriers	CON.SP1.4552	V01_MH_ Carpark_CP16007(02)-GAM-FC-C1-000-M3-AA-0001-ARCH MAIN[C01].nwd	Construction	And	AnyOfThese	VB_PDS.Zone	Equals	Stage 1
	NONE	16414289	L3DO - Install Precast Kerbs	CON.SP1.4579	V01_MH_ Carpark_CP16007(02)-GAM-FC-C1-000-M3-AA-0001-ARCH MAIN[C01].nwd	Construction	And	AllOfThese	VB_PDS.Zone	Equals	Stage 2
	NONE	16414289	L3DO - Install Precast Kerbs	CON.SP1.4579	V01_MH_ Carpark_CP16007(02)-GAM-FC-C1-000-M3-AA-0001-ARCH MAIN[C01].nwd	Construction	And	AnyOfThese	Element.Type	Contains	GAM_Floor_Concrete_150_CON-001
	NONE	16414290	L3DO - Install Planter Boxes	CON.SP1.4582	V01_MH_ Carpark_CP16007(02)-GAM-FC-C1-000-M3-AA-0001-ARCH MAIN[C01].nwd	Construction	And	AllOfThese	VB_PDS.Zone	Equals	Stage 2
	NONE	16414290	L3DO - Install Planter Boxes	CON.SP1.4582	V01_MH_ Carpark_CP16007(02)-GAM-FC-C1-000-M3-AA-0001-ARCH MAIN[C01].nwd	Construction	And	AnyOfThese	Element.Type	Contains	planterbox
	NONE	16414291	L3DO - Install Steel Canopies	CON.SP1.4585	V01_CP16007(02)-GAM-FC-C1-000-M3-AA-0001-ARCH MAIN[C01].nwc	Construction	And	AllOfThese	Item.Name	Equals	GRM_Anodized_Portland Stone_MTL-402
	NONE	16414291	L3DO - Install Steel Canopies	CON.SP1.4585	V01_CP16007(02)-GAM-FC-C1-000-M3-AA-0001-ARCH MAIN[C01].nwc	Construction	And	AnyOfThese	Item.GUID	Equals	d6dc3786-8f71-4e87-9ce3-bb465aba035a
	NONE	16414291	L3DO - Install Steel Canopies	CON.SP1.4585	V01_CP16007(02)-GAM-FC-C1-000-M3-AA-0001-ARCH MAIN[C01].nwc	Construction	And	AnyOfThese	Item.GUID	Equals	d6dc3786-8f71-4e87-9ce3-bb465aba036e
	NONE	16414291	L3DO - Install Steel Canopies	CON.SP1.4585	V01_CP16007(02)-GAM-FC-C1-000-M3-AA-0001-ARCH MAIN[C01].nwc	Construction	And	AnyOfThese	Item.GUID	Equals	5250c8ae-72d0-4e29-8572-9c391159ae4c
	NONE	16414291	L3DO - Install Steel Canopies	CON.SP1.4585	V01_CP16007(02)-GAM-FC-C1-000-M3-AA-0001-ARCH MAIN[C01].nwc	Construction	And	AnyOfThese	Item.GUID	Equals	5250c8ae-72d0-4e29-8572-9c391159ae48
	NONE	16414291	L3DO - Install Steel Canopies	CON.SP1.4585	V01_CP16007(02)-GAM-FC-C1-000-M3-AA-0001-ARCH MAIN[C01].nwc	Construction	And	AnyOfThese	Item.GUID	Equals	d6dc3786-8f71-4e87-9ce3-bb465aba31ae
	NONE	16414291	L3DO - Install Steel Canopies	CON.SP1.4585	V01_CP16007(02)-GAM-FC-C1-000-M3-AA-0001-ARCH MAIN[C01].nwc	Construction	And	AnyOfThese	Item.GUID	Equals	c5c735b3-499f-4544-8a34-58a5eabd859c
	NONE	16414291	L3DO - Install Steel Canopies	CON.SP1.4585	V01_CP16007(02)-GAM-FC-C1-000-M3-AA-0001-ARCH MAIN[C01].nwc	Construction	And	AnyOfThese	Item.GUID	Equals	95e5a0f5-22a4-4d48-945e-0ec60078317a
	NONE	16414291	L3DO - Install Steel Canopies	CON.SP1.4585	V01_CP16007(02)-GAM-FC-C1-000-M3-AA-0001-ARCH MAIN[C01].nwc	Construction	And	AnyOfThese	Item.GUID	Equals	5250c8ae-72d0-4e29-8572-9c391159ae48
	NONE	16414291	L3DO - Install Steel Canopies	CON.SP1.4585	V01_CP16007(02)-GAM-FC-C1-000-M3-AA-0001-ARCH MAIN[C01].nwc	Construction	And	AnyOfThese	Item.GUID	Equals	d6dc3786-8f71-4e87-9ce3-bb465aba3605
	NONE	16414291	L3DO - Install Steel Canopies	CON.SP1.4585	V01_CP16007(02)-GAM-FC-C1-000-M3-AA-0001-ARCH MAIN[C01].nwc	Construction	And	AnyOfThese	Item.GUID	Equals	f31a4e17-8d23-4a69-bb70-f2a07865ba92
	NONE	16414291	L3DO - Install Steel Canopies	CON.SP1.4585	V01_CP16007(02)-GAM-FC-C1-000-M3-AA-0001-ARCH MAIN[C01].nwc	Construction	And	AnyOfThese	Item.GUID	Equals	d6dc3786-8f71-4e87-9ce3-bb465aba35c5
	NONE	16414291	L3DO - Install Steel Canopies	CON.SP1.4585	V01_CP16007(02)-GAM-FC-C1-000-M3-AA-0001-ARCH MAIN[C01].nwc	Construction	And	AnyOfThese	Item.GUID	Equals	d6dc3786-8f71-4e87-9ce3-bb465aba35be
	NONE	16414291	L3DO - Install Steel Canopies	CON.SP1.4585	V01_CP16007(02)-GAM-FC-C1-000-M3-AA-0001-ARCH MAIN[C01].nwc	Construction	And	AnyOfThese	Item.GUID	Equals	d6dc3786-8f71-4e87-9ce3-bb465aba3584
	NONE	16414291	L3DO - Install Steel Canopies	CON.SP1.4585	V01_CP16007(02)-GAM-FC-C1-000-M3-AA-0001-ARCH MAIN[C01].nwc	Construction	And	AnyOfThese	Item.GUID	Equals	d6dc3786-8f71-4e87-9ce3-bb465aba357e
	NONE	16414291	L3DO - Install Steel Canopies	CON.SP1.4585	V01_CP16007(02)-GAM-FC-C1-000-M3-AA-0001-ARCH MAIN[C01].nwc	Construction	And	AnyOfThese	Item.GUID	Equals	d6dc3786-8f71-4e87-9ce3-bb465aba0cdd
	NONE	16414291	L3DO - Install Steel Canopies	CON.SP1.4585	V01_CP16007(02)-GAM-FC-C1-000-M3-AA-0001-ARCH MAIN[C01].nwc	Construction	And	AnyOfThese	Item.GUID	Equals	d6dc3786-8f71-4e87-9ce3-bb465aba3126
	NONE	16414291	L3DO - Install Steel Canopies	CON.SP1.4585	V01_CP16007(02)-GAM-FC-C1-000-M3-AA-0001-ARCH MAIN[C01].nwc	Construction	And	AnyOfThese	Item.GUID	Equals	95e5a0f5-22a4-4d48-945e-0ec600783510
	NONE	16414291	L3DO - Install Steel Canopies	CON.SP1.4585	V01_CP16007(02)-GAM-FC-C1-000-M3-AA-0001-ARCH MAIN[C01].nwc	Construction	And	AnyOfThese	Item.GUID	Equals	d6dc3786-8f71-4e87-9ce3-bb465aba319c
	NONE	16414291	L3DO - Install Steel Canopies	CON.SP1.4585	V01_CP16007(02)-GAM-FC-C1-000-M3-AA-0001-ARCH MAIN[C01].nwc	Construction	And	AnyOfThese	Item.GUID	Equals	1490c5f2-7f01-4fab-b007-405d1b263ebe
	NONE	16414291	L3DO - Install Steel Canopies	CON.SP1.4585	V01_CP16007(02)-GAM-FC-C1-000-M3-AA-0001-ARCH MAIN[C01].nwc	Construction	And	AnyOfThese	Item.GUID	Equals	2be3e1aa-d182-4073-bc57-727f57d26ed6
	NONE	16414291	L3DO - Install Steel Canopies	CON.SP1.4585	V01_CP16007(02)-GAM-FC-C1-000-M3-AA-0001-ARCH MAIN[C01].nwc	Construction	And	AnyOfThese	Item.GUID	Equals	d6dc3786-8f71-4e87-9ce3-bb465aba026d
	NONE	16414291	L3DO - Install Steel Canopies	CON.SP1.4585	V01_CP16007(02)-GAM-FC-C1-000-M3-AA-0001-ARCH MAIN[C01].nwc	Construction	And	AnyOfThese	Item.GUID	Equals	d6dc3786-8f71-4e87-9ce3-bb465aba028d
	NONE	16414291	L3DO - Install Steel Canopies	CON.SP1.4585	V01_CP16007(02)-GAM-FC-C1-000-M3-AA-0001-ARCH MAIN[C01].nwc	Construction	And	AnyOfThese	Item.GUID	Equals	d6dc3786-8f71-4e87-9ce3-bb465aba02d6
	NONE	16414294	L3DO - Install Metalwork (Balustrades,Bollards, Bins & Benches)	CON.SP1.4606	V01_MH_ Carpark_CP16007(02)-GAM-FC-C1-000-M3-AA-0001-ARCH MAIN[C01].nwd	Construction	And	AllOfThese	VB_PDS.Zone	Equals	Stage 2
	NONE	16414294	L3DO - Install Metalwork (Balustrades,Bollards, Bins & Benches)	CON.SP1.4606	V01_MH_ Carpark_CP16007(02)-GAM-FC-C1-000-M3-AA-0001-ARCH MAIN[C01].nwd	Construction	And	AnyOfThese	Element.Type	Contains	bollard
	NONE	16414302	L3DO - Install Precast Kerbs	CON.SP1.4618	V01_MH_ Carpark_CP16007(02)-GAM-FC-C1-000-M3-AA-0001-ARCH MAIN[C01].nwd	Construction	And	AllOfThese	VB_PDS.Zone	Equals	Stage 3
	NONE	16414302	L3DO - Install Precast Kerbs	CON.SP1.4618	V01_MH_ Carpark_CP16007(02)-GAM-FC-C1-000-M3-AA-0001-ARCH MAIN[C01].nwd	Construction	And	AnyOfThese	Element.Type	Contains	concrete
	NONE	16414303	L3DO - Install Planter Boxes	CON.SP1.4621	V01_MH_ Carpark_CP16007(02)-GAM-FC-C1-000-M3-AA-0001-ARCH MAIN[C01].nwd	Construction	And	AllOfThese	VB_PDS.Zone	Equals	Stage 3
	NONE	16414303	L3DO - Install Planter Boxes	CON.SP1.4621	V01_MH_ Carpark_CP16007(02)-GAM-FC-C1-000-M3-AA-0001-ARCH MAIN[C01].nwd	Construction	And	AnyOfThese	Element.Type	Contains	planterbox
	NONE	16414304	L3DO - Install Steel Canopies	CON.SP1.4624	V01_CP16007(02)-GAM-FC-C1-000-M3-AA-0001-ARCH MAIN[C01].nwc	Construction	And	AllOfThese	Item.Name	Equals	GRM_Anodized_Portland Stone_MTL-402
	NONE	16414304	L3DO - Install Steel Canopies	CON.SP1.4624	V01_CP16007(02)-GAM-FC-C1-000-M3-AA-0001-ARCH MAIN[C01].nwc	Construction	And	AnyOfThese	Item.GUID	Equals	279f29fc-550c-4c96-b80d-5652aee600b6
	NONE	16414304	L3DO - Install Steel Canopies	CON.SP1.4624	V01_CP16007(02)-GAM-FC-C1-000-M3-AA-0001-ARCH MAIN[C01].nwc	Construction	And	AnyOfThese	Item.GUID	Equals	d303f9ce-8c36-453f-9602-4e6ae7aa708d
	NONE	16414304	L3DO - Install Steel Canopies	CON.SP1.4624	V01_CP16007(02)-GAM-FC-C1-000-M3-AA-0001-ARCH MAIN[C01].nwc	Construction	And	AnyOfThese	Item.GUID	Equals	8c50e89c-c82c-4adb-860c-2cc5718d978e
	NONE	16414304	L3DO - Install Steel Canopies	CON.SP1.4624	V01_CP16007(02)-GAM-FC-C1-000-M3-AA-0001-ARCH MAIN[C01].nwc	Construction	And	AnyOfThese	Item.GUID	Equals	caf5d782-465f-414d-af95-ecde3b43cd2d
	NONE	16414304	L3DO - Install Steel Canopies	CON.SP1.4624	V01_CP16007(02)-GAM-FC-C1-000-M3-AA-0001-ARCH MAIN[C01].nwc	Construction	And	AnyOfThese	Item.GUID	Equals	caf5d782-465f-414d-af95-ecde3b43cd18
	NONE	16414304	L3DO - Install Steel Canopies	CON.SP1.4624	V01_CP16007(02)-GAM-FC-C1-000-M3-AA-0001-ARCH MAIN[C01].nwc	Construction	And	AnyOfThese	Item.GUID	Equals	caf5d782-465f-414d-af95-ecde3b43cd70
	NONE	16414304	L3DO - Install Steel Canopies	CON.SP1.4624	V01_CP16007(02)-GAM-FC-C1-000-M3-AA-0001-ARCH MAIN[C01].nwc	Construction	And	AnyOfThese	Item.GUID	Equals	caf5d782-465f-414d-af95-ecde3b43cd54
	NONE	16414304	L3DO - Install Steel Canopies	CON.SP1.4624	V01_CP16007(02)-GAM-FC-C1-000-M3-AA-0001-ARCH MAIN[C01].nwc	Construction	And	AnyOfThese	Item.GUID	Equals	caf5d782-465f-414d-af95-ecde3b43ceb5
	NONE	16414304	L3DO - Install Steel Canopies	CON.SP1.4624	V01_CP16007(02)-GAM-FC-C1-000-M3-AA-0001-ARCH MAIN[C01].nwc	Construction	And	AnyOfThese	Item.GUID	Equals	429108da-05bf-48f2-9b7d-0570c9f8d4fb
	NONE	16414304	L3DO - Install Steel Canopies	CON.SP1.4624	V01_CP16007(02)-GAM-FC-C1-000-M3-AA-0001-ARCH MAIN[C01].nwc	Construction	And	AnyOfThese	Item.GUID	Equals	8c50e89c-c82c-4adb-860c-2cc5718d9c27
	NONE	16414304	L3DO - Install Steel Canopies	CON.SP1.4624	V01_CP16007(02)-GAM-FC-C1-000-M3-AA-0001-ARCH MAIN[C01].nwc	Construction	And	AnyOfThese	Item.GUID	Equals	279f29fc-550c-4c96-b80d-5652aee60ebf
	NONE	16414304	L3DO - Install Steel Canopies	CON.SP1.4624	V01_CP16007(02)-GAM-FC-C1-000-M3-AA-0001-ARCH MAIN[C01].nwc	Construction	And	AnyOfThese	Item.GUID	Equals	279f29fc-550c-4c96-b80d-5652aee601cb
	NONE	16414304	L3DO - Install Steel Canopies	CON.SP1.4624	V01_CP16007(02)-GAM-FC-C1-000-M3-AA-0001-ARCH MAIN[C01].nwc	Construction	And	AnyOfThese	Item.GUID	Equals	279f29fc-550c-4c96-b80d-5652aee609fd
	NONE	16414304	L3DO - Install Steel Canopies	CON.SP1.4624	V01_CP16007(02)-GAM-FC-C1-000-M3-AA-0001-ARCH MAIN[C01].nwc	Construction	And	AnyOfThese	Item.GUID	Equals	caf5d782-465f-414d-af95-ecde3b43cc39
	NONE	16414304	L3DO - Install Steel Canopies	CON.SP1.4624	V01_CP16007(02)-GAM-FC-C1-000-M3-AA-0001-ARCH MAIN[C01].nwc	Construction	And	AnyOfThese	Item.GUID	Equals	caf5d782-465f-414d-af95-ecde3b43cceb
	NONE	16414304	L3DO - Install Steel Canopies	CON.SP1.4624	V01_CP16007(02)-GAM-FC-C1-000-M3-AA-0001-ARCH MAIN[C01].nwc	Construction	And	AnyOfThese	Item.GUID	Equals	caf5d782-465f-414d-af95-ecde3b43ccc6
	NONE	16414304	L3DO - Install Steel Canopies	CON.SP1.4624	V01_CP16007(02)-GAM-FC-C1-000-M3-AA-0001-ARCH MAIN[C01].nwc	Construction	And	AnyOfThese	Item.GUID	Equals	caf5d782-465f-414d-af95-ecde3b43cc8d
	NONE	16414304	L3DO - Install Steel Canopies	CON.SP1.4624	V01_CP16007(02)-GAM-FC-C1-000-M3-AA-0001-ARCH MAIN[C01].nwc	Construction	And	AnyOfThese	Item.GUID	Equals	caf5d782-465f-414d-af95-ecde3b43d358
	NONE	16414304	L3DO - Install Steel Canopies	CON.SP1.4624	V01_CP16007(02)-GAM-FC-C1-000-M3-AA-0001-ARCH MAIN[C01].nwc	Construction	And	AnyOfThese	Item.GUID	Equals	79090bca-0dc7-4ce9-8821-00202e8cf3f2
	NONE	16414307	L3DO - Install Metalwork (Balustrades,Bollards, Bins & Benches)	CON.SP1.4645	V01_MH_ Carpark_CP16007(02)-GAM-FC-C1-000-M3-AA-0001-ARCH MAIN[C01].nwd	Construction	And	AllOfThese	VB_PDS.Zone	Equals	Stage 3
	NONE	16414307	L3DO - Install Metalwork (Balustrades,Bollards, Bins & Benches)	CON.SP1.4645	V01_MH_ Carpark_CP16007(02)-GAM-FC-C1-000-M3-AA-0001-ARCH MAIN[C01].nwd	Construction	And	AnyOfThese	Element.Type	Contains	bollard
	NONE	16414315	L3DO - Install Precast Kerbs	CON.SP1.4657	V01_MH_ Carpark_CP16007(02)-GAM-FC-C1-000-M3-AA-0001-ARCH MAIN[C01].nwd	Construction	And	AllOfThese	VB_PDS.Zone	Equals	Stage 4
	NONE	16414315	L3DO - Install Precast Kerbs	CON.SP1.4657	V01_MH_ Carpark_CP16007(02)-GAM-FC-C1-000-M3-AA-0001-ARCH MAIN[C01].nwd	Construction	And	AnyOfThese	Element.Type	Contains	concrete
	NONE	16414316	L3DO - Install Planter Boxes	CON.SP1.4660	V01_MH_ Carpark_CP16007(02)-GAM-FC-C1-000-M3-AA-0001-ARCH MAIN[C01].nwd	Construction	And	AllOfThese	VB_PDS.Zone	Equals	Stage 4
	NONE	16414316	L3DO - Install Planter Boxes	CON.SP1.4660	V01_MH_ Carpark_CP16007(02)-GAM-FC-C1-000-M3-AA-0001-ARCH MAIN[C01].nwd	Construction	And	AnyOfThese	Element.Type	Contains	planterbox
	NONE	16414317	L3DO - Install Steel Canopies	CON.SP1.4663	V01_CP16007(02)-GAM-FC-C1-000-M3-AA-0001-ARCH MAIN[C01].nwc	Construction	And	AllOfThese	Item.Name	Equals	GRM_Anodized_Portland Stone_MTL-402
	NONE	16414317	L3DO - Install Steel Canopies	CON.SP1.4663	V01_CP16007(02)-GAM-FC-C1-000-M3-AA-0001-ARCH MAIN[C01].nwc	Construction	And	AnyOfThese	Item.GUID	Equals	d303f9ce-8c36-453f-9602-4e6ae7abad60
	NONE	16414317	L3DO - Install Steel Canopies	CON.SP1.4663	V01_CP16007(02)-GAM-FC-C1-000-M3-AA-0001-ARCH MAIN[C01].nwc	Construction	And	AnyOfThese	Item.GUID	Equals	8c50e89c-c82c-4adb-860c-2cc5718d8491
	NONE	16414317	L3DO - Install Steel Canopies	CON.SP1.4663	V01_CP16007(02)-GAM-FC-C1-000-M3-AA-0001-ARCH MAIN[C01].nwc	Construction	And	AnyOfThese	Item.GUID	Equals	8c50e89c-c82c-4adb-860c-2cc5718d8f29
	NONE	16414317	L3DO - Install Steel Canopies	CON.SP1.4663	V01_CP16007(02)-GAM-FC-C1-000-M3-AA-0001-ARCH MAIN[C01].nwc	Construction	And	AnyOfThese	Item.GUID	Equals	279f29fc-550c-4c96-b80d-5652aee60b71
	NONE	16414317	L3DO - Install Steel Canopies	CON.SP1.4663	V01_CP16007(02)-GAM-FC-C1-000-M3-AA-0001-ARCH MAIN[C01].nwc	Construction	And	AnyOfThese	Item.GUID	Equals	caf5d782-465f-414d-af95-ecde3b43cd9f
	NONE	16414317	L3DO - Install Steel Canopies	CON.SP1.4663	V01_CP16007(02)-GAM-FC-C1-000-M3-AA-0001-ARCH MAIN[C01].nwc	Construction	And	AnyOfThese	Item.GUID	Equals	caf5d782-465f-414d-af95-ecde3b43cdb6
	NONE	16414317	L3DO - Install Steel Canopies	CON.SP1.4663	V01_CP16007(02)-GAM-FC-C1-000-M3-AA-0001-ARCH MAIN[C01].nwc	Construction	And	AnyOfThese	Item.GUID	Equals	caf5d782-465f-414d-af95-ecde3b43cc5f
	NONE	16414317	L3DO - Install Steel Canopies	CON.SP1.4663	V01_CP16007(02)-GAM-FC-C1-000-M3-AA-0001-ARCH MAIN[C01].nwc	Construction	And	AnyOfThese	Item.GUID	Equals	caf5d782-465f-414d-af95-ecde3b43cc77
	NONE	16414317	L3DO - Install Steel Canopies	CON.SP1.4663	V01_CP16007(02)-GAM-FC-C1-000-M3-AA-0001-ARCH MAIN[C01].nwc	Construction	And	AnyOfThese	Item.GUID	Equals	caf5d782-465f-414d-af95-ecde3b43cc1a
	NONE	16414317	L3DO - Install Steel Canopies	CON.SP1.4663	V01_CP16007(02)-GAM-FC-C1-000-M3-AA-0001-ARCH MAIN[C01].nwc	Construction	And	AnyOfThese	Item.GUID	Equals	79090bca-0dc7-4ce9-8821-00202e8cf37e
	NONE	16414317	L3DO - Install Steel Canopies	CON.SP1.4663	V01_CP16007(02)-GAM-FC-C1-000-M3-AA-0001-ARCH MAIN[C01].nwc	Construction	And	AnyOfThese	Item.GUID	Equals	279f29fc-550c-4c96-b80d-5652aee60d46
	NONE	16414317	L3DO - Install Steel Canopies	CON.SP1.4663	V01_CP16007(02)-GAM-FC-C1-000-M3-AA-0001-ARCH MAIN[C01].nwc	Construction	And	AnyOfThese	Item.GUID	Equals	279f29fc-550c-4c96-b80d-5652aee60da2
	NONE	16414317	L3DO - Install Steel Canopies	CON.SP1.4663	V01_CP16007(02)-GAM-FC-C1-000-M3-AA-0001-ARCH MAIN[C01].nwc	Construction	And	AnyOfThese	Item.GUID	Equals	8c50e89c-c82c-4adb-860c-2cc5718d9ae6
	NONE	16414317	L3DO - Install Steel Canopies	CON.SP1.4663	V01_CP16007(02)-GAM-FC-C1-000-M3-AA-0001-ARCH MAIN[C01].nwc	Construction	And	AnyOfThese	Item.GUID	Equals	8c50e89c-c82c-4adb-860c-2cc5718d94b1
	NONE	16414317	L3DO - Install Steel Canopies	CON.SP1.4663	V01_CP16007(02)-GAM-FC-C1-000-M3-AA-0001-ARCH MAIN[C01].nwc	Construction	And	AnyOfThese	Item.GUID	Equals	caf5d782-465f-414d-af95-ecde3b43ce8d
	NONE	16414317	L3DO - Install Steel Canopies	CON.SP1.4663	V01_CP16007(02)-GAM-FC-C1-000-M3-AA-0001-ARCH MAIN[C01].nwc	Construction	And	AnyOfThese	Item.GUID	Equals	caf5d782-465f-414d-af95-ecde3b43cee4
	NONE	16414317	L3DO - Install Steel Canopies	CON.SP1.4663	V01_CP16007(02)-GAM-FC-C1-000-M3-AA-0001-ARCH MAIN[C01].nwc	Construction	And	AnyOfThese	Item.GUID	Equals	caf5d782-465f-414d-af95-ecde3b43ce17
	NONE	16414317	L3DO - Install Steel Canopies	CON.SP1.4663	V01_CP16007(02)-GAM-FC-C1-000-M3-AA-0001-ARCH MAIN[C01].nwc	Construction	And	AnyOfThese	Item.GUID	Equals	caf5d782-465f-414d-af95-ecde3b43ce0a
	NONE	16414317	L3DO - Install Steel Canopies	CON.SP1.4663	V01_CP16007(02)-GAM-FC-C1-000-M3-AA-0001-ARCH MAIN[C01].nwc	Construction	And	AnyOfThese	Item.GUID	Equals	caf5d782-465f-414d-af95-ecde3b43ce69
	NONE	16414317	L3DO - Install Steel Canopies	CON.SP1.4663	V01_CP16007(02)-GAM-FC-C1-000-M3-AA-0001-ARCH MAIN[C01].nwc	Construction	And	AnyOfThese	Item.GUID	Equals	429108da-05bf-48f2-9b7d-0570c9f8d4c7
	NONE	16414320	L3DO - Install Metalwork (Balustrades,Bollards, Bins & Benches)	CON.SP1.4684	V01_MH_ Carpark_CP16007(02)-GAM-FC-C1-000-M3-AA-0001-ARCH MAIN[C01].nwd	Construction	And	AllOfThese	VB_PDS.Zone	Equals	Stage 4
	NONE	16414320	L3DO - Install Metalwork (Balustrades,Bollards, Bins & Benches)	CON.SP1.4684	V01_MH_ Carpark_CP16007(02)-GAM-FC-C1-000-M3-AA-0001-ARCH MAIN[C01].nwd	Construction	And	AnyOfThese	Element.Type	Contains	bollard
	NONE	16413078	DD - Departures Canopy	CON.SP2.2000	V01_MH Ped Bridge - VBS.nwd	Construction	And	AllOfThese	Custom.APAM_Location	Equals	DEPARTURE DRIVE CANOPY
	NONE	161899992	Installing Crosshead Beam		V01_MH Ped Bridge Stick build zoning - VBS.nwd	Construction	And	AllOfThese	VB_PDS.Zone	Equals	Zone A5
	NONE	161899992	Installing Crosshead Beam		V01_MH Ped Bridge Stick build zoning - VBS.nwd	Construction	And	AnyOfThese	VB_PDS.Item description	Equals	Cross head beam
	NONE	1032354497	Sub Task GW - Install Structural Steel for Roof		V02_CP16007(02)-AUR-FC-C1-000-M3-SS-0001-T123 CAR PARK.nwc	Construction	Or	AllOfThese	Item.Name	Equals	200UC60
	NONE	1032354497	Sub Task GW - Install Structural Steel for Roof		V02_CP16007(02)-AUR-FC-C1-000-M3-SS-0001-T123 CAR PARK.nwc	Construction	Or	AnyOfThese	Item.Name	Equals	125EA10
	NONE	1032354497	Sub Task GW - Install Structural Steel for Roof		V02_CP16007(02)-AUR-FC-C1-000-M3-SS-0001-T123 CAR PARK.nwc	Construction	Or	AnyOfThese	Item.Name	Equals	300SHS16
	NONE	1032354497	Sub Task GW - Install Structural Steel for Roof		V02_CP16007(02)-AUR-FC-C1-000-M3-SS-0001-T123 CAR PARK.nwc	Construction	Or	AnyOfThese	Item.Name	Equals	300SHS9
	NONE	1032354497	Sub Task GW - Install Structural Steel for Roof		V02_CP16007(02)-AUR-FC-C1-000-M3-SS-0001-T123 CAR PARK.nwc	Construction	Or	AnyOfThese	Item.GUID	Equals	64b65ee9-0dc4-4726-8a17-111bdfaee85d
	NONE	1032354497	Sub Task GW - Install Structural Steel for Roof		V02_CP16007(02)-AUR-FC-C1-000-M3-SS-0001-T123 CAR PARK.nwc	Construction	Or	AnyOfThese	Item.GUID	Equals	64b65ee9-0dc4-4726-8a17-111bdfaee8ff
	NONE	457884566	Sub Task GW - Install Structural Steel Columns and Beams - Level 2		V02_CP16007(02)-AUR-FC-C1-000-M3-SS-0001-T123 CAR PARK.nwc	Construction	And	AllOfThese	Element.APAM_Location	Equals	L2 GATEWAY SPACE
	NONE	457884566	Sub Task GW - Install Structural Steel Columns and Beams - Level 2		V02_CP16007(02)-AUR-FC-C1-000-M3-SS-0001-T123 CAR PARK.nwc	Construction	And	AnyOfThese	Element.Family	Equals	AUR_StrFra_Beam_Steel_UB
	NONE	457884566	Sub Task GW - Install Structural Steel Columns and Beams - Level 2		V02_CP16007(02)-AUR-FC-C1-000-M3-SS-0001-T123 CAR PARK.nwc	Construction	And	AnyOfThese	Element.Family	Equals	AUR_StrFra_Beam_Steel_WB
	NONE	376988306	Sub Task L3DO - Install Steel Canopies extra corner leftovers		V01_CP16007(02)-GAM-FC-C1-000-M3-AA-0001-ARCH MAIN[C01].nwc	Construction	And	AllOfThese	Item.GUID	Equals	1490c5f2-7f01-4fab-b007-405d1b2636e4
	NONE	376988306	Sub Task L3DO - Install Steel Canopies extra corner leftovers		V01_CP16007(02)-GAM-FC-C1-000-M3-AA-0001-ARCH MAIN[C01].nwc	Construction	And	AnyOfThese	Item.Name	Equals	Anodized_Apollo Grey
	NONE	376988306	Sub Task L3DO - Install Steel Canopies extra corner leftovers		V01_CP16007(02)-GAM-FC-C1-000-M3-AA-0001-ARCH MAIN[C01].nwc	Construction	And	AnyOfThese	Item.Name	Equals	GRM_Lysaght Trim Dek_RFS-002
	NONE	2038063218	Sub Task L3DO - Install Steel Canopies polycarb top		V01_CP16007(02)-GAM-FC-C1-000-M3-AA-0001-ARCH MAIN[C01].nwc	Construction	And	AllOfThese	Item.Name	Equals	GRM_Lysaght Trim Dek_RFS-002
	NONE	2038063218	Sub Task L3DO - Install Steel Canopies polycarb top		V01_CP16007(02)-GAM-FC-C1-000-M3-AA-0001-ARCH MAIN[C01].nwc	Construction	And	AnyOfThese	Item.GUID	Equals	d6dc3786-8f71-4e87-9ce3-bb465aba331a
	NONE	2038063218	Sub Task L3DO - Install Steel Canopies polycarb top		V01_CP16007(02)-GAM-FC-C1-000-M3-AA-0001-ARCH MAIN[C01].nwc	Construction	And	AnyOfThese	Item.GUID	Equals	1490c5f2-7f01-4fab-b007-405d1b263101
	NONE	2038063218	Sub Task L3DO - Install Steel Canopies polycarb top		V01_CP16007(02)-GAM-FC-C1-000-M3-AA-0001-ARCH MAIN[C01].nwc	Construction	And	AnyOfThese	Item.GUID	Equals	d6dc3786-8f71-4e87-9ce3-bb465aba355d
	NONE	2038063218	Sub Task L3DO - Install Steel Canopies polycarb top		V01_CP16007(02)-GAM-FC-C1-000-M3-AA-0001-ARCH MAIN[C01].nwc	Construction	And	AnyOfThese	Item.GUID	Equals	d6dc3786-8f71-4e87-9ce3-bb465aba353d
	NONE	2038063218	Sub Task L3DO - Install Steel Canopies polycarb top		V01_CP16007(02)-GAM-FC-C1-000-M3-AA-0001-ARCH MAIN[C01].nwc	Construction	And	AnyOfThese	Item.GUID	Equals	d6dc3786-8f71-4e87-9ce3-bb465aba3519
	NONE	2038063218	Sub Task L3DO - Install Steel Canopies polycarb top		V01_CP16007(02)-GAM-FC-C1-000-M3-AA-0001-ARCH MAIN[C01].nwc	Construction	And	AnyOfThese	Item.GUID	Equals	d6dc3786-8f71-4e87-9ce3-bb465aba34e7
	NONE	2038063218	Sub Task L3DO - Install Steel Canopies polycarb top		V01_CP16007(02)-GAM-FC-C1-000-M3-AA-0001-ARCH MAIN[C01].nwc	Construction	And	AnyOfThese	Item.GUID	Equals	d6dc3786-8f71-4e87-9ce3-bb465aba34c0
	NONE	2038063218	Sub Task L3DO - Install Steel Canopies polycarb top		V01_CP16007(02)-GAM-FC-C1-000-M3-AA-0001-ARCH MAIN[C01].nwc	Construction	And	AnyOfThese	Item.GUID	Equals	5250c8ae-72d0-4e29-8572-9c391159ae72
	NONE	2038063218	Sub Task L3DO - Install Steel Canopies polycarb top		V01_CP16007(02)-GAM-FC-C1-000-M3-AA-0001-ARCH MAIN[C01].nwc	Construction	And	AnyOfThese	Item.GUID	Equals	1490c5f2-7f01-4fab-b007-405d1b263418
	NONE	2038063218	Sub Task L3DO - Install Steel Canopies polycarb top		V01_CP16007(02)-GAM-FC-C1-000-M3-AA-0001-ARCH MAIN[C01].nwc	Construction	And	AnyOfThese	Item.GUID	Equals	d6dc3786-8f71-4e87-9ce3-bb465aba30f3
	NONE	2038063218	Sub Task L3DO - Install Steel Canopies polycarb top		V01_CP16007(02)-GAM-FC-C1-000-M3-AA-0001-ARCH MAIN[C01].nwc	Construction	And	AnyOfThese	Item.GUID	Equals	d6dc3786-8f71-4e87-9ce3-bb465aba30da
	NONE	2038063218	Sub Task L3DO - Install Steel Canopies polycarb top		V01_CP16007(02)-GAM-FC-C1-000-M3-AA-0001-ARCH MAIN[C01].nwc	Construction	And	AnyOfThese	Item.GUID	Equals	2be3e1aa-d182-4073-bc57-727f57d270ee
	NONE	2038063218	Sub Task L3DO - Install Steel Canopies polycarb top		V01_CP16007(02)-GAM-FC-C1-000-M3-AA-0001-ARCH MAIN[C01].nwc	Construction	And	AnyOfThese	Item.GUID	Equals	d6dc3786-8f71-4e87-9ce3-bb465aba335a
	NONE	2038063218	Sub Task L3DO - Install Steel Canopies polycarb top		V01_CP16007(02)-GAM-FC-C1-000-M3-AA-0001-ARCH MAIN[C01].nwc	Construction	And	AnyOfThese	Item.GUID	Equals	d6dc3786-8f71-4e87-9ce3-bb465aba336d
	NONE	2038063218	Sub Task L3DO - Install Steel Canopies polycarb top		V01_CP16007(02)-GAM-FC-C1-000-M3-AA-0001-ARCH MAIN[C01].nwc	Construction	And	AnyOfThese	Item.GUID	Equals	d6dc3786-8f71-4e87-9ce3-bb465aba338d
	NONE	2038063218	Sub Task L3DO - Install Steel Canopies polycarb top		V01_CP16007(02)-GAM-FC-C1-000-M3-AA-0001-ARCH MAIN[C01].nwc	Construction	And	AnyOfThese	Item.GUID	Equals	d6dc3786-8f71-4e87-9ce3-bb465aba33fe
	NONE	2038063218	Sub Task L3DO - Install Steel Canopies polycarb top		V01_CP16007(02)-GAM-FC-C1-000-M3-AA-0001-ARCH MAIN[C01].nwc	Construction	And	AnyOfThese	Item.GUID	Equals	d6dc3786-8f71-4e87-9ce3-bb465aba3400
	NONE	2038063218	Sub Task L3DO - Install Steel Canopies polycarb top		V01_CP16007(02)-GAM-FC-C1-000-M3-AA-0001-ARCH MAIN[C01].nwc	Construction	And	AnyOfThese	Item.GUID	Equals	79090bca-0dc7-4ce9-8821-00202e8ceca3
	NONE	99297093	Sub Task L3DO - Install Steel Canopies polycarb		V01_CP16007(02)-GAM-FC-C1-000-M3-AA-0001-ARCH MAIN[C01].nwc	Construction	And	AllOfThese	Item.Name	Equals	GRM_Lysaght Trim Dek_RFS-002
	NONE	99297093	Sub Task L3DO - Install Steel Canopies polycarb		V01_CP16007(02)-GAM-FC-C1-000-M3-AA-0001-ARCH MAIN[C01].nwc	Construction	And	AnyOfThese	Item.GUID	Equals	d6dc3786-8f71-4e87-9ce3-bb465aba035a
	NONE	99297093	Sub Task L3DO - Install Steel Canopies polycarb		V01_CP16007(02)-GAM-FC-C1-000-M3-AA-0001-ARCH MAIN[C01].nwc	Construction	And	AnyOfThese	Item.GUID	Equals	d6dc3786-8f71-4e87-9ce3-bb465aba036e
	NONE	99297093	Sub Task L3DO - Install Steel Canopies polycarb		V01_CP16007(02)-GAM-FC-C1-000-M3-AA-0001-ARCH MAIN[C01].nwc	Construction	And	AnyOfThese	Item.GUID	Equals	5250c8ae-72d0-4e29-8572-9c391159ae4c
	NONE	99297093	Sub Task L3DO - Install Steel Canopies polycarb		V01_CP16007(02)-GAM-FC-C1-000-M3-AA-0001-ARCH MAIN[C01].nwc	Construction	And	AnyOfThese	Item.GUID	Equals	d6dc3786-8f71-4e87-9ce3-bb465aba31ae
	NONE	99297093	Sub Task L3DO - Install Steel Canopies polycarb		V01_CP16007(02)-GAM-FC-C1-000-M3-AA-0001-ARCH MAIN[C01].nwc	Construction	And	AnyOfThese	Item.GUID	Equals	c5c735b3-499f-4544-8a34-58a5eabd859c
	NONE	99297093	Sub Task L3DO - Install Steel Canopies polycarb		V01_CP16007(02)-GAM-FC-C1-000-M3-AA-0001-ARCH MAIN[C01].nwc	Construction	And	AnyOfThese	Item.GUID	Equals	d6dc3786-8f71-4e87-9ce3-bb465aba3310
	NONE	99297093	Sub Task L3DO - Install Steel Canopies polycarb		V01_CP16007(02)-GAM-FC-C1-000-M3-AA-0001-ARCH MAIN[C01].nwc	Construction	And	AnyOfThese	Item.GUID	Equals	95e5a0f5-22a4-4d48-945e-0ec60078317a
	NONE	99297093	Sub Task L3DO - Install Steel Canopies polycarb		V01_CP16007(02)-GAM-FC-C1-000-M3-AA-0001-ARCH MAIN[C01].nwc	Construction	And	AnyOfThese	Item.GUID	Equals	d6dc3786-8f71-4e87-9ce3-bb465aba3605
	NONE	99297093	Sub Task L3DO - Install Steel Canopies polycarb		V01_CP16007(02)-GAM-FC-C1-000-M3-AA-0001-ARCH MAIN[C01].nwc	Construction	And	AnyOfThese	Item.GUID	Equals	f31a4e17-8d23-4a69-bb70-f2a07865ba92
	NONE	99297093	Sub Task L3DO - Install Steel Canopies polycarb		V01_CP16007(02)-GAM-FC-C1-000-M3-AA-0001-ARCH MAIN[C01].nwc	Construction	And	AnyOfThese	Item.GUID	Equals	d6dc3786-8f71-4e87-9ce3-bb465aba35c5
	NONE	99297093	Sub Task L3DO - Install Steel Canopies polycarb		V01_CP16007(02)-GAM-FC-C1-000-M3-AA-0001-ARCH MAIN[C01].nwc	Construction	And	AnyOfThese	Item.GUID	Equals	d6dc3786-8f71-4e87-9ce3-bb465aba35be
	NONE	99297093	Sub Task L3DO - Install Steel Canopies polycarb		V01_CP16007(02)-GAM-FC-C1-000-M3-AA-0001-ARCH MAIN[C01].nwc	Construction	And	AnyOfThese	Item.GUID	Equals	d6dc3786-8f71-4e87-9ce3-bb465aba3584
	NONE	99297093	Sub Task L3DO - Install Steel Canopies polycarb		V01_CP16007(02)-GAM-FC-C1-000-M3-AA-0001-ARCH MAIN[C01].nwc	Construction	And	AnyOfThese	Item.GUID	Equals	d6dc3786-8f71-4e87-9ce3-bb465aba357e
	NONE	99297093	Sub Task L3DO - Install Steel Canopies polycarb		V01_CP16007(02)-GAM-FC-C1-000-M3-AA-0001-ARCH MAIN[C01].nwc	Construction	And	AnyOfThese	Item.GUID	Equals	d6dc3786-8f71-4e87-9ce3-bb465aba02d6
	NONE	99297093	Sub Task L3DO - Install Steel Canopies polycarb		V01_CP16007(02)-GAM-FC-C1-000-M3-AA-0001-ARCH MAIN[C01].nwc	Construction	And	AnyOfThese	Item.GUID	Equals	d6dc3786-8f71-4e87-9ce3-bb465aba028d
	NONE	99297093	Sub Task L3DO - Install Steel Canopies polycarb		V01_CP16007(02)-GAM-FC-C1-000-M3-AA-0001-ARCH MAIN[C01].nwc	Construction	And	AnyOfThese	Item.GUID	Equals	d6dc3786-8f71-4e87-9ce3-bb465aba026d
	NONE	99297093	Sub Task L3DO - Install Steel Canopies polycarb		V01_CP16007(02)-GAM-FC-C1-000-M3-AA-0001-ARCH MAIN[C01].nwc	Construction	And	AnyOfThese	Item.GUID	Equals	2be3e1aa-d182-4073-bc57-727f57d26ed6
	NONE	99297093	Sub Task L3DO - Install Steel Canopies polycarb		V01_CP16007(02)-GAM-FC-C1-000-M3-AA-0001-ARCH MAIN[C01].nwc	Construction	And	AnyOfThese	Item.GUID	Equals	d6dc3786-8f71-4e87-9ce3-bb465aba319c
	NONE	99297093	Sub Task L3DO - Install Steel Canopies polycarb		V01_CP16007(02)-GAM-FC-C1-000-M3-AA-0001-ARCH MAIN[C01].nwc	Construction	And	AnyOfThese	Item.GUID	Equals	95e5a0f5-22a4-4d48-945e-0ec600783510
	NONE	99297093	Sub Task L3DO - Install Steel Canopies polycarb		V01_CP16007(02)-GAM-FC-C1-000-M3-AA-0001-ARCH MAIN[C01].nwc	Construction	And	AnyOfThese	Item.GUID	Equals	d6dc3786-8f71-4e87-9ce3-bb465aba3126
	NONE	1725209748	Sub Task L3DO - Install Steel Canopies mop up ends and one middle		V01_CP16007(02)-GAM-FC-C1-000-M3-AA-0001-ARCH MAIN[C01].nwc	Construction	And	AllOfThese	Item.Name	Equals	GRM_Lysaght Trim Dek_MTL-303
	NONE	1725209748	Sub Task L3DO - Install Steel Canopies mop up ends and one middle		V01_CP16007(02)-GAM-FC-C1-000-M3-AA-0001-ARCH MAIN[C01].nwc	Construction	And	AnyOfThese	Item.GUID	Equals	d6dc3786-8f71-4e87-9ce3-bb465aba3584
	NONE	1725209748	Sub Task L3DO - Install Steel Canopies mop up ends and one middle		V01_CP16007(02)-GAM-FC-C1-000-M3-AA-0001-ARCH MAIN[C01].nwc	Construction	And	AnyOfThese	Item.GUID	Equals	d6dc3786-8f71-4e87-9ce3-bb465aba0cdd
	NONE	1725209748	Sub Task L3DO - Install Steel Canopies mop up ends and one middle		V01_CP16007(02)-GAM-FC-C1-000-M3-AA-0001-ARCH MAIN[C01].nwc	Construction	And	AnyOfThese	Item.GUID	Equals	5250c8ae-72d0-4e29-8572-9c391159ae48
	NONE	1725209748	Sub Task L3DO - Install Steel Canopies mop up ends and one middle		V01_CP16007(02)-GAM-FC-C1-000-M3-AA-0001-ARCH MAIN[C01].nwc	Construction	And	AnyOfThese	Item.GUID	Equals	1490c5f2-7f01-4fab-b007-405d1b263ebe
	NONE	941153171	Sub Task L3DO - Install Steel Canopies mop up corner canopy		V01_CP16007(02)-GAM-FC-C1-000-M3-AA-0001-ARCH MAIN[C01].nwc	Construction	And	AllOfThese	Item.Name	Equals	Anodized_Apollo Grey
	NONE	941153171	Sub Task L3DO - Install Steel Canopies mop up corner canopy		V01_CP16007(02)-GAM-FC-C1-000-M3-AA-0001-ARCH MAIN[C01].nwc	Construction	And	AnyOfThese	Item.GUID	Equals	d6dc3786-8f71-4e87-9ce3-bb465aba3310
	NONE	1863140309	Sub Task L3DO - Install Steel Canopies polycarb		V01_CP16007(02)-GAM-FC-C1-000-M3-AA-0001-ARCH MAIN[C01].nwc	Construction	And	AllOfThese	Item.Name	Equals	GRM_Lysaght Trim Dek_MTL-303
	NONE	1863140309	Sub Task L3DO - Install Steel Canopies polycarb		V01_CP16007(02)-GAM-FC-C1-000-M3-AA-0001-ARCH MAIN[C01].nwc	Construction	And	AnyOfThese	Item.GUID	Equals	79090bca-0dc7-4ce9-8821-00202e8cf3f2
	NONE	1863140309	Sub Task L3DO - Install Steel Canopies polycarb		V01_CP16007(02)-GAM-FC-C1-000-M3-AA-0001-ARCH MAIN[C01].nwc	Construction	And	AnyOfThese	Item.GUID	Equals	caf5d782-465f-414d-af95-ecde3b43d358
	NONE	1863140309	Sub Task L3DO - Install Steel Canopies polycarb		V01_CP16007(02)-GAM-FC-C1-000-M3-AA-0001-ARCH MAIN[C01].nwc	Construction	And	AnyOfThese	Item.GUID	Equals	caf5d782-465f-414d-af95-ecde3b43cc8d
	NONE	1863140309	Sub Task L3DO - Install Steel Canopies polycarb		V01_CP16007(02)-GAM-FC-C1-000-M3-AA-0001-ARCH MAIN[C01].nwc	Construction	And	AnyOfThese	Item.GUID	Equals	caf5d782-465f-414d-af95-ecde3b43ccc6
	NONE	1863140309	Sub Task L3DO - Install Steel Canopies polycarb		V01_CP16007(02)-GAM-FC-C1-000-M3-AA-0001-ARCH MAIN[C01].nwc	Construction	And	AnyOfThese	Item.GUID	Equals	caf5d782-465f-414d-af95-ecde3b43cceb
	NONE	1863140309	Sub Task L3DO - Install Steel Canopies polycarb		V01_CP16007(02)-GAM-FC-C1-000-M3-AA-0001-ARCH MAIN[C01].nwc	Construction	And	AnyOfThese	Item.GUID	Equals	caf5d782-465f-414d-af95-ecde3b43cc39
	NONE	1863140309	Sub Task L3DO - Install Steel Canopies polycarb		V01_CP16007(02)-GAM-FC-C1-000-M3-AA-0001-ARCH MAIN[C01].nwc	Construction	And	AnyOfThese	Item.GUID	Equals	429108da-05bf-48f2-9b7d-0570c9f8d4fb
	NONE	1863140309	Sub Task L3DO - Install Steel Canopies polycarb		V01_CP16007(02)-GAM-FC-C1-000-M3-AA-0001-ARCH MAIN[C01].nwc	Construction	And	AnyOfThese	Item.GUID	Equals	caf5d782-465f-414d-af95-ecde3b43ceb5
	NONE	1863140309	Sub Task L3DO - Install Steel Canopies polycarb		V01_CP16007(02)-GAM-FC-C1-000-M3-AA-0001-ARCH MAIN[C01].nwc	Construction	And	AnyOfThese	Item.GUID	Equals	caf5d782-465f-414d-af95-ecde3b43cd54
	NONE	1863140309	Sub Task L3DO - Install Steel Canopies polycarb		V01_CP16007(02)-GAM-FC-C1-000-M3-AA-0001-ARCH MAIN[C01].nwc	Construction	And	AnyOfThese	Item.GUID	Equals	caf5d782-465f-414d-af95-ecde3b43cd70
	NONE	1863140309	Sub Task L3DO - Install Steel Canopies polycarb		V01_CP16007(02)-GAM-FC-C1-000-M3-AA-0001-ARCH MAIN[C01].nwc	Construction	And	AnyOfThese	Item.GUID	Equals	caf5d782-465f-414d-af95-ecde3b43cd18
	NONE	1863140309	Sub Task L3DO - Install Steel Canopies polycarb		V01_CP16007(02)-GAM-FC-C1-000-M3-AA-0001-ARCH MAIN[C01].nwc	Construction	And	AnyOfThese	Item.GUID	Equals	caf5d782-465f-414d-af95-ecde3b43cd2d
	NONE	1863140309	Sub Task L3DO - Install Steel Canopies polycarb		V01_CP16007(02)-GAM-FC-C1-000-M3-AA-0001-ARCH MAIN[C01].nwc	Construction	And	AnyOfThese	Item.GUID	Equals	d303f9ce-8c36-453f-9602-4e6ae7aa708d
	NONE	184332997	Sub Task L3DO - Install Steel mop up canopies		V01_CP16007(02)-GAM-FC-C1-000-M3-AA-0001-ARCH MAIN[C01].nwc	Construction	And	AllOfThese	Item.Name	Equals	Anodized_Apollo Grey
	NONE	184332997	Sub Task L3DO - Install Steel mop up canopies		V01_CP16007(02)-GAM-FC-C1-000-M3-AA-0001-ARCH MAIN[C01].nwc	Construction	And	AnyOfThese	Item.GUID	Equals	8c50e89c-c82c-4adb-860c-2cc5718d98ba
	NONE	1400964329	Sub Task L3DO - Install Steel Canopies mop up polycarb		V01_CP16007(02)-GAM-FC-C1-000-M3-AA-0001-ARCH MAIN[C01].nwc	Construction	And	AllOfThese	Item.Name	Equals	GRM_Lysaght Trim Dek_RFS-002
	NONE	1400964329	Sub Task L3DO - Install Steel Canopies mop up polycarb		V01_CP16007(02)-GAM-FC-C1-000-M3-AA-0001-ARCH MAIN[C01].nwc	Construction	And	AnyOfThese	Item.GUID	Equals	279f29fc-550c-4c96-b80d-5652aee600b6
	NONE	1400964329	Sub Task L3DO - Install Steel Canopies mop up polycarb		V01_CP16007(02)-GAM-FC-C1-000-M3-AA-0001-ARCH MAIN[C01].nwc	Construction	And	AnyOfThese	Item.GUID	Equals	8c50e89c-c82c-4adb-860c-2cc5718d978e
	NONE	1400964329	Sub Task L3DO - Install Steel Canopies mop up polycarb		V01_CP16007(02)-GAM-FC-C1-000-M3-AA-0001-ARCH MAIN[C01].nwc	Construction	And	AnyOfThese	Item.GUID	Equals	8c50e89c-c82c-4adb-860c-2cc5718d9c27
	NONE	1400964329	Sub Task L3DO - Install Steel Canopies mop up polycarb		V01_CP16007(02)-GAM-FC-C1-000-M3-AA-0001-ARCH MAIN[C01].nwc	Construction	And	AnyOfThese	Item.GUID	Equals	279f29fc-550c-4c96-b80d-5652aee60ebf
	NONE	1400964329	Sub Task L3DO - Install Steel Canopies mop up polycarb		V01_CP16007(02)-GAM-FC-C1-000-M3-AA-0001-ARCH MAIN[C01].nwc	Construction	And	AnyOfThese	Item.GUID	Equals	279f29fc-550c-4c96-b80d-5652aee601cb
	NONE	1400964329	Sub Task L3DO - Install Steel Canopies mop up polycarb		V01_CP16007(02)-GAM-FC-C1-000-M3-AA-0001-ARCH MAIN[C01].nwc	Construction	And	AnyOfThese	Item.GUID	Equals	279f29fc-550c-4c96-b80d-5652aee609fd
	NONE	1400964329	Sub Task L3DO - Install Steel Canopies mop up polycarb		V01_CP16007(02)-GAM-FC-C1-000-M3-AA-0001-ARCH MAIN[C01].nwc	Construction	And	AnyOfThese	Item.GUID	Equals	8c50e89c-c82c-4adb-860c-2cc5718d98ba
	NONE	1581871153	Sub Task L3DO - Install Steel Canopies polycarb 		V01_CP16007(02)-GAM-FC-C1-000-M3-AA-0001-ARCH MAIN[C01].nwc	Construction	And	AllOfThese	Item.Name	Equals	GRM_Lysaght Trim Dek_MTL-303
	NONE	1581871153	Sub Task L3DO - Install Steel Canopies polycarb 		V01_CP16007(02)-GAM-FC-C1-000-M3-AA-0001-ARCH MAIN[C01].nwc	Construction	And	AnyOfThese	Item.GUID	Equals	429108da-05bf-48f2-9b7d-0570c9f8d4c7
	NONE	1581871153	Sub Task L3DO - Install Steel Canopies polycarb 		V01_CP16007(02)-GAM-FC-C1-000-M3-AA-0001-ARCH MAIN[C01].nwc	Construction	And	AnyOfThese	Item.GUID	Equals	caf5d782-465f-414d-af95-ecde3b43ce69
	NONE	1581871153	Sub Task L3DO - Install Steel Canopies polycarb 		V01_CP16007(02)-GAM-FC-C1-000-M3-AA-0001-ARCH MAIN[C01].nwc	Construction	And	AnyOfThese	Item.GUID	Equals	caf5d782-465f-414d-af95-ecde3b43ce0a
	NONE	1581871153	Sub Task L3DO - Install Steel Canopies polycarb 		V01_CP16007(02)-GAM-FC-C1-000-M3-AA-0001-ARCH MAIN[C01].nwc	Construction	And	AnyOfThese	Item.GUID	Equals	caf5d782-465f-414d-af95-ecde3b43ce17
	NONE	1581871153	Sub Task L3DO - Install Steel Canopies polycarb 		V01_CP16007(02)-GAM-FC-C1-000-M3-AA-0001-ARCH MAIN[C01].nwc	Construction	And	AnyOfThese	Item.GUID	Equals	caf5d782-465f-414d-af95-ecde3b43cee4
	NONE	1581871153	Sub Task L3DO - Install Steel Canopies polycarb 		V01_CP16007(02)-GAM-FC-C1-000-M3-AA-0001-ARCH MAIN[C01].nwc	Construction	And	AnyOfThese	Item.GUID	Equals	caf5d782-465f-414d-af95-ecde3b43ce8d
	NONE	1581871153	Sub Task L3DO - Install Steel Canopies polycarb 		V01_CP16007(02)-GAM-FC-C1-000-M3-AA-0001-ARCH MAIN[C01].nwc	Construction	And	AnyOfThese	Item.GUID	Equals	79090bca-0dc7-4ce9-8821-00202e8cf37e
	NONE	1581871153	Sub Task L3DO - Install Steel Canopies polycarb 		V01_CP16007(02)-GAM-FC-C1-000-M3-AA-0001-ARCH MAIN[C01].nwc	Construction	And	AnyOfThese	Item.GUID	Equals	caf5d782-465f-414d-af95-ecde3b43cc1a
	NONE	1581871153	Sub Task L3DO - Install Steel Canopies polycarb 		V01_CP16007(02)-GAM-FC-C1-000-M3-AA-0001-ARCH MAIN[C01].nwc	Construction	And	AnyOfThese	Item.GUID	Equals	caf5d782-465f-414d-af95-ecde3b43cc77
	NONE	1581871153	Sub Task L3DO - Install Steel Canopies polycarb 		V01_CP16007(02)-GAM-FC-C1-000-M3-AA-0001-ARCH MAIN[C01].nwc	Construction	And	AnyOfThese	Item.GUID	Equals	caf5d782-465f-414d-af95-ecde3b43cc5f
	NONE	1581871153	Sub Task L3DO - Install Steel Canopies polycarb 		V01_CP16007(02)-GAM-FC-C1-000-M3-AA-0001-ARCH MAIN[C01].nwc	Construction	And	AnyOfThese	Item.GUID	Equals	caf5d782-465f-414d-af95-ecde3b43cdb6
	NONE	1581871153	Sub Task L3DO - Install Steel Canopies polycarb 		V01_CP16007(02)-GAM-FC-C1-000-M3-AA-0001-ARCH MAIN[C01].nwc	Construction	And	AnyOfThese	Item.GUID	Equals	caf5d782-465f-414d-af95-ecde3b43cd9f
	NONE	1581871153	Sub Task L3DO - Install Steel Canopies polycarb 		V01_CP16007(02)-GAM-FC-C1-000-M3-AA-0001-ARCH MAIN[C01].nwc	Construction	And	AnyOfThese	Item.GUID	Equals	8c50e89c-c82c-4adb-860c-2cc5718d8f29
	NONE	1581871153	Sub Task L3DO - Install Steel Canopies polycarb 		V01_CP16007(02)-GAM-FC-C1-000-M3-AA-0001-ARCH MAIN[C01].nwc	Construction	And	AnyOfThese	Item.GUID	Equals	d303f9ce-8c36-453f-9602-4e6ae7abad60
	NONE	1416352567	Sub Task L3DO - Install Steel Canopies leftovers		V01_CP16007(02)-GAM-FC-C1-000-M3-AA-0001-ARCH MAIN[C01].nwc	Construction	And	AllOfThese	Item.Name	Equals	Anodized_Apollo Grey
	NONE	1416352567	Sub Task L3DO - Install Steel Canopies leftovers		V01_CP16007(02)-GAM-FC-C1-000-M3-AA-0001-ARCH MAIN[C01].nwc	Construction	And	AnyOfThese	Item.GUID	Equals	429108da-05bf-48f2-9b7d-0570c9f8d708
	NONE	30617083	Sub Task L3DO - Install Steel Canopies polycarb leftovers		V01_CP16007(02)-GAM-FC-C1-000-M3-AA-0001-ARCH MAIN[C01].nwc	Construction	And	AllOfThese	Item.Name	Equals	GRM_Lysaght Trim Dek_RFS-002
	NONE	30617083	Sub Task L3DO - Install Steel Canopies polycarb leftovers		V01_CP16007(02)-GAM-FC-C1-000-M3-AA-0001-ARCH MAIN[C01].nwc	Construction	And	AnyOfThese	Item.GUID	Equals	8c50e89c-c82c-4adb-860c-2cc5718d94b1
	NONE	30617083	Sub Task L3DO - Install Steel Canopies polycarb leftovers		V01_CP16007(02)-GAM-FC-C1-000-M3-AA-0001-ARCH MAIN[C01].nwc	Construction	And	AnyOfThese	Item.GUID	Equals	8c50e89c-c82c-4adb-860c-2cc5718d9ae6
	NONE	30617083	Sub Task L3DO - Install Steel Canopies polycarb leftovers		V01_CP16007(02)-GAM-FC-C1-000-M3-AA-0001-ARCH MAIN[C01].nwc	Construction	And	AnyOfThese	Item.GUID	Equals	279f29fc-550c-4c96-b80d-5652aee60da2
	NONE	30617083	Sub Task L3DO - Install Steel Canopies polycarb leftovers		V01_CP16007(02)-GAM-FC-C1-000-M3-AA-0001-ARCH MAIN[C01].nwc	Construction	And	AnyOfThese	Item.GUID	Equals	279f29fc-550c-4c96-b80d-5652aee60d46
	NONE	30617083	Sub Task L3DO - Install Steel Canopies polycarb leftovers		V01_CP16007(02)-GAM-FC-C1-000-M3-AA-0001-ARCH MAIN[C01].nwc	Construction	And	AnyOfThese	Item.GUID	Equals	429108da-05bf-48f2-9b7d-0570c9f8d708
	NONE	30617083	Sub Task L3DO - Install Steel Canopies polycarb leftovers		V01_CP16007(02)-GAM-FC-C1-000-M3-AA-0001-ARCH MAIN[C01].nwc	Construction	And	AnyOfThese	Item.GUID	Equals	279f29fc-550c-4c96-b80d-5652aee60b71
	NONE	30617083	Sub Task L3DO - Install Steel Canopies polycarb leftovers		V01_CP16007(02)-GAM-FC-C1-000-M3-AA-0001-ARCH MAIN[C01].nwc	Construction	And	AnyOfThese	Item.GUID	Equals	8c50e89c-c82c-4adb-860c-2cc5718d8491
	NONE	81568004	Sub Task MH_Task to link models to hide or persist		V01_Coo-Shared-CP16007(02)-VRS-C1-M3-0003-Stru_MODIFIED_AUR.nwc	Demolition	And	AllOfThese	Item.Material	Equals	Phase - Exist
